ADM_CD,ADM_NM,lat,lon,area_km2
11010530,사직동,37.573906,126.97046,1.1577
11010540,삼청동,37.58844,126.981171,1.4772
11010550,부암동,37.597003,126.963578,2.2733
11010560,평창동,37.615702,126.96813,8.9404
11010570,무악동,37.577083,126.958664,0.3692
11010580,교남동,37.571014,126.964158,0.3467
11010600,가회동,37.582464,126.986578,0.5396
11010610,종로1·2·3·4가동,37.57525,126.989885,2.4142
11010630,종로5·6가동,37.57283,127.004384,0.6027
11010640,이화동,37.579708,127.003081,0.7818
11010670,창신1동,37.572394,127.01373,0.3049
11010680,창신2동,37.575994,127.010243,0.2573
11010690,창신3동,37.578914,127.013157,0.2167
11010700,숭인1동,37.577215,127.016872,0.2392
11010710,숭인2동,37.5744,127.020346,0.3516
11010720,청운효자동,37.584401,126.969915,2.5686
11010730,혜화동,37.587481,126.997386,1.1317
11020520,소공동,37.564255,126.974305,0.9431
11020540,회현동,37.556926,126.977114,0.8972
11020550,명동,37.563997,126.984285,0.9689
11020570,필동,37.556872,126.993733,1.4636
11020580,장충동,37.555539,127.002125,1.017
11020590,광희동,37.565126,127.003802,0.7367
11020600,을지로동,37.566645,126.996591,0.6112
11020650,신당5동,37.563648,127.021956,0.3193
11020670,황학동,37.568401,127.020775,0.3284
11020680,중림동,37.557332,126.965993,0.4839
11020690,신당동,37.565703,127.013695,0.5345
11020700,다산동,37.554932,127.008355,0.5237
11020710,약수동,37.550162,127.010321,0.4859
11020720,청구동,37.556872,127.015266,0.3423
11020730,동화동,37.560772,127.018642,0.3268
11030510,후암동,37.549933,126.980641,0.8653
11030520,용산2가동,37.537904,126.985059,1.9701
11030530,남영동,37.544052,126.974811,1.1769
11030570,원효로2동,37.533849,126.952427,0.7084
11030580,효창동,37.542788,126.960945,0.4459
11030590,용문동,37.537945,126.958513,0.2773
11030630,이촌1동,37.515182,126.971782,2.8706
11030640,이촌2동,37.522863,126.954202,1.2046
11030650,이태원1동,37.533389,126.993224,0.5824
11030660,이태원2동,37.541672,126.991993,0.8735
11030690,서빙고동,37.51967,126.988949,2.8151
11030700,보광동,37.526916,127.000904,0.7147
11030710,청파동,37.547559,126.966819,0.8855
11030720,원효로1동,37.537484,126.966594,0.5886
11030730,한강로동,37.529148,126.968655,2.8677
11030740,한남동,37.537585,127.005129,3.0296
11040520,왕십리2동,37.561351,127.027662,0.3723
11040540,마장동,37.567353,127.040605,1.0342
11040550,사근동,37.558117,127.045431,1.1687
11040560,행당1동,37.559178,127.036212,0.5731
11040570,행당2동,37.556704,127.029624,0.4573
11040580,응봉동,37.550869,127.03375,0.5532
11040590,금호1가동,37.553552,127.024914,0.4451
11040620,금호4가동,37.545375,127.024176,0.8312
11040650,성수1가1동,37.540838,127.042238,1.8844
11040660,성수1가2동,37.549057,127.043875,0.9294
11040670,성수2가1동,37.536359,127.055327,1.1841
11040680,성수2가3동,37.545555,127.058156,1.0537
11040690,송정동,37.55241,127.064283,0.6814
11040700,용답동,37.558991,127.057395,2.3753
11040710,왕십리도선동,37.566828,127.029555,0.7097
11040720,금호2·3가동,37.551395,127.01988,0.6307
11040730,옥수동,37.540811,127.020598,1.9207
11050530,화양동,37.543237,127.073264,1.1354
11050540,군자동,37.553001,127.073722,0.7375
11050550,중곡1동,37.56206,127.077674,0.614
11050560,중곡2동,37.558829,127.084585,0.5451
11050570,중곡3동,37.567833,127.082053,0.6014
11050580,중곡4동,37.563851,127.094468,2.3117
11050590,능동,37.550534,127.081787,1.0913
11050600,구의1동,37.541614,127.085702,0.5945
11050610,구의2동,37.551086,127.094872,1.387
11050620,구의3동,37.53698,127.094248,1.0268
11050630,광장동,37.547812,127.10472,2.3919
11050640,자양1동,37.535608,127.080469,0.5684
11050650,자양2동,37.529093,127.082666,1.6563
11050660,자양3동,37.531363,127.070948,1.1955
11050670,자양4동,37.533777,127.063643,1.1791
11060710,회기동,37.593722,127.05148,0.7663
11060720,휘경1동,37.591864,127.062549,0.5214
11060730,휘경2동,37.586613,127.065819,1.1128
11060800,청량리동,37.58885,127.045215,1.2035
11060810,용신동,37.57557,127.032531,1.6172
11060820,제기동,37.583782,127.037212,1.1808
11060830,전농1동,37.579283,127.050955,1.1258
11060840,전농2동,37.58071,127.061093,0.9768
11060860,답십리2동,37.570778,127.060986,0.8751
11060870,장안1동,37.566287,127.068517,1.3411
11060880,장안2동,37.575699,127.072051,0.9959
11060890,이문1동,37.597332,127.060512,1.038
11060900,이문2동,37.602874,127.067419,0.724
11060910,답십리1동,37.571259,127.051949,0.7876
11070520,면목2동,37.589316,127.077908,0.7625
11070540,면목4동,37.573638,127.085377,0.8428
11070550,면목5동,37.582601,127.078847,0.7044
11070570,면목7동,37.57713,127.092778,1.2345
11070590,상봉1동,37.601721,127.089426,0.8531
11070600,상봉2동,37.594276,127.083929,0.6769
11070610,중화1동,37.602528,127.082991,0.6414
11070620,중화2동,37.59918,127.074989,1.0162
11070640,묵1동,37.613702,127.082545,1.2375
11070650,묵2동,37.610868,127.074619,0.6687
11070680,망우3동,37.591899,127.102915,0.9618
11070690,신내1동,37.613184,127.104079,2.6028
11070700,신내2동,37.610978,127.091549,0.9106
11070710,면목본동,37.588373,127.08952,0.8484
11070720,면목3·8동,37.584459,127.098291,1.6135
11070730,망우본동,37.602167,127.107453,2.948
11080580,돈암1동,37.599713,127.024354,0.4889
11080590,돈암2동,37.597116,127.011566,0.5181
11080600,안암동,37.58776,127.027255,1.3785
11080610,보문동,37.582744,127.019187,0.5526
11080620,정릉1동,37.60334,127.01699,0.4117
11080630,정릉2동,37.603686,127.008507,1.0941
11080640,정릉3동,37.612111,126.99459,3.3246
11080650,정릉4동,37.623934,126.994892,3.5682
11080660,길음1동,37.608238,127.019726,0.7967
11080680,길음2동,37.608286,127.027151,0.5876
11080710,월곡1동,37.607861,127.036576,0.8011
11080720,월곡2동,37.603244,127.045415,1.3642
11080760,장위1동,37.615083,127.0447,0.708
11080770,장위2동,37.612341,127.051907,0.679
11080780,장위3동,37.618214,127.053498,0.6521
11080810,성북동,37.596719,126.994008,2.8776
11080820,삼선동,37.586576,127.011679,0.9255
11080830,동선동,37.593611,127.018511,0.7243
11080840,종암동,37.597493,127.033828,1.4035
11080850,석관동,37.608246,127.061383,1.7039
11090600,번1동,37.637561,127.030583,0.6266
11090610,번2동,37.629509,127.034798,0.9736
11090620,번3동,37.623684,127.04218,1.0804
11090630,수유1동,37.629678,127.010005,1.6487
11090640,수유2동,37.645399,127.019328,0.5812
11090650,수유3동,37.64051,127.023411,0.7451
11090690,삼양동,37.62376,127.014914,0.9234
11090700,미아동,37.628636,127.026375,0.8406
11090710,송중동,37.617648,127.032986,1.075
11090720,송천동,37.618154,127.024931,0.9292
11090730,삼각산동,37.617125,127.016527,0.6214
11090740,우이동,37.660366,127.000501,10.5798
11090750,인수동,37.637358,127.003582,2.9957
11100510,쌍문1동,37.653028,127.019592,1.1749
11100520,쌍문2동,37.657091,127.03682,0.5408
11100530,쌍문3동,37.647713,127.030526,0.5044
11100540,쌍문4동,37.655422,127.030377,0.5544
11100550,방학1동,37.665038,127.043531,1.0401
11100560,방학2동,37.669189,127.032673,1.092
11100570,방학3동,37.663159,127.023576,1.9495
11100590,창1동,37.64709,127.043587,1.1213
11100600,창2동,37.642553,127.036711,0.6539
11100610,창3동,37.637245,127.04173,0.655
11100620,창4동,37.652697,127.050901,1.1388
11100630,창5동,37.655465,127.042759,0.7009
11100640,도봉1동,37.685333,127.026738,8.4451
11100650,도봉2동,37.681327,127.047645,1.1182
11110510,월계1동,37.621984,127.05841,1.1407
11110520,월계2동,37.63394,127.051282,2.0038
11110530,월계3동,37.624457,127.064822,1.1333
11110560,공릉2동,37.631643,127.094282,6.9797
11110580,하계1동,37.638525,127.075002,1.5259
11110590,하계2동,37.635078,127.064883,0.4997
11110600,중계본동,37.648659,127.086032,2.1816
11110610,중계1동,37.650232,127.073728,0.623
11110640,중계4동,37.659399,127.082589,1.5181
11110650,상계1동,37.683375,127.065078,5.3985
11110660,상계2동,37.656767,127.067005,0.6226
11110690,상계5동,37.66597,127.070017,0.9061
11110720,상계8동,37.666455,127.053526,0.6658
11110730,상계9동,37.667639,127.062155,0.719
11110740,상계10동,37.659772,127.058395,0.8086
11110760,상계3·4동,37.675806,127.084216,5.2079
11110770,상계6·7동,37.648736,127.060123,1.4492
11110780,중계2·3동,37.643426,127.065868,0.9184
11110790,공릉1동,37.624171,127.072549,1.2623
11120510,녹번동,37.605311,126.93449,1.7929
11120520,불광1동,37.616859,126.938697,3.1226
11120550,갈현1동,37.62516,126.914703,0.9604
11120560,갈현2동,37.617906,126.912469,0.9844
11120570,구산동,37.611049,126.907298,1.3888
11120580,대조동,37.612308,126.923134,0.8511
11120590,응암1동,37.598362,126.927016,1.109
11120600,응암2동,37.59209,126.922867,0.7547
11120650,신사1동,37.599154,126.908539,0.8077
11120660,신사2동,37.592873,126.906189,1.0455
11120670,증산동,37.584161,126.905902,0.8071
11120680,수색동,37.585542,126.894643,1.289
11120710,진관동,37.639657,126.937787,11.5568
11120720,불광2동,37.624283,126.928695,1.3951
11120730,응암3동,37.588886,126.917567,0.7522
11120740,역촌동,37.604555,126.914577,1.1567
11130520,천연동,37.571375,126.956652,0.9821
11130620,홍제1동,37.58348,126.944266,1.2348
11130640,홍제3동,37.592365,126.951647,1.208
11130650,홍제2동,37.584371,126.952463,0.6995
11130660,홍은1동,37.600637,126.946943,1.5976
11130680,홍은2동,37.587211,126.932176,2.0735
11130690,남가좌1동,37.571845,126.916326,0.4752
11130700,남가좌2동,37.577893,126.921389,0.783
11130710,북가좌1동,37.575409,126.908083,0.5776
11130720,북가좌2동,37.581172,126.913327,0.8243
11130730,충현동,37.563949,126.958202,1.1152
11130740,북아현동,37.559238,126.954939,0.4587
11130750,신촌동,37.564085,126.941608,2.7182
11130760,연희동,37.572209,126.932839,2.9271
11140590,용강동,37.54146,126.942121,0.79
11140600,대흥동,37.551984,126.941429,0.8476
11140610,염리동,37.549974,126.947559,0.497
11140630,신수동,37.545712,126.934809,0.7973
11140660,서교동,37.55481,126.920999,1.6775
11140680,합정동,37.546993,126.908968,1.7111
11140690,망원1동,37.553637,126.899775,1.1002
11140700,망원2동,37.558942,126.900164,0.6759
11140710,연남동,37.562986,126.92155,0.647
11140720,성산1동,37.562034,126.911878,0.8586
11140730,성산2동,37.568328,126.901997,1.9773
11140740,상암동,37.570708,126.87993,8.3963
11140750,도화동,37.538625,126.949056,0.6246
11140760,서강동,37.546761,126.925987,1.4777
11140770,공덕동,37.549333,126.957943,1.0185
11140780,아현동,37.551744,126.952622,0.7483
11150510,목1동,37.527427,126.87427,1.4321
11150520,목2동,37.543641,126.874187,1.0206
11150530,목3동,37.545086,126.865529,0.5315
11150540,목4동,37.535342,126.86694,0.5771
11150570,신월1동,37.53123,126.834458,0.622
11150580,신월2동,37.523446,126.846337,0.6064
11150590,신월3동,37.532501,126.827297,0.9174
11150600,신월4동,37.522113,126.839781,0.4695
11150610,신월5동,37.540967,126.829393,0.6381
11150620,신월6동,37.515979,126.842109,0.444
11150630,신월7동,37.519009,126.830506,1.2297
11150640,신정1동,37.518974,126.8597,0.747
11150650,신정2동,37.519367,126.8748,0.5255
11150660,신정3동,37.511809,126.841249,2.7545
11150690,신정6동,37.515858,126.869758,0.9402
11150700,신정7동,37.509865,126.865471,1.2332
11150710,목5동,37.536065,126.879885,1.7651
11150720,신정4동,37.525408,126.857618,0.9964
11160510,염창동,37.554523,126.871826,1.7332
11160520,등촌1동,37.555756,126.859546,0.6503
11160530,등촌2동,37.545772,126.860067,0.91
11160540,등촌3동,37.561221,126.846184,1.0596
11160550,화곡본동,37.542616,126.848063,0.9717
11160570,화곡2동,37.532274,126.854445,0.4543
11160580,화곡3동,37.543989,126.83437,0.5214
11160590,화곡4동,37.536065,126.858601,0.8514
11160610,화곡6동,37.551714,126.851212,1.0372
11160630,화곡8동,37.534287,126.848858,0.5933
11160650,가양2동,37.566714,126.854396,0.8233
11160660,가양3동,37.560829,126.861168,0.4723
11160670,발산1동,37.550502,126.825262,2.8856
11160690,공항동,37.555873,126.794931,10.9559
11160700,방화1동,37.568601,126.817574,1.4745
11160710,방화2동,37.58278,126.804076,6.1531
11160730,화곡1동,37.533742,126.840849,1.1967
11160740,우장산동,37.550678,126.841136,1.2607
11160751,가양1동,37.571923,126.834929,4.8658
11160761,방화3동,37.58212,126.817599,2.557
11170510,신도림동,37.509996,126.882213,1.3918
11170520,구로1동,37.493195,126.875454,1.0082
11170540,구로3동,37.484831,126.894948,1.0393
11170550,구로4동,37.491545,126.890371,0.5241
11170560,구로5동,37.501935,126.888537,1.0117
11170610,고척1동,37.500702,126.863719,1.1504
11170620,고척2동,37.505836,126.853469,1.0247
11170640,개봉2동,37.492579,126.856636,0.7819
11170650,개봉3동,37.486509,126.852167,0.8278
11170670,오류1동,37.496896,126.841688,0.7271
11170690,수궁동,37.498442,126.82603,2.6594
11170700,가리봉동,37.482755,126.88796,0.4107
11170710,구로2동,37.496864,126.87996,1.7021
11170720,개봉1동,37.499997,126.849108,1.3193
11170730,오류2동,37.485307,126.838447,3.0589
11170740,항동,37.481016,126.824592,1.4459
11180510,가산동,37.476681,126.883903,2.511
11180520,독산1동,37.464265,126.892539,2.0604
11180530,독산2동,37.463997,126.902766,0.6168
11180540,독산3동,37.475739,126.904675,0.9343
11180550,독산4동,37.469152,126.904063,0.5906
11180570,시흥1동,37.452408,126.900156,1.5222
11180580,시흥2동,37.450924,126.919796,1.3079
11180590,시흥3동,37.440088,126.905993,1.2605
11180600,시흥4동,37.460052,126.909245,0.8211
11180610,시흥5동,37.447399,126.912374,1.386
11190540,여의동,37.528485,126.928443,8.4313
11190550,당산1동,37.52386,126.896807,0.7448
11190560,당산2동,37.534109,126.9023,1.5799
11190610,양평1동,37.52544,126.886699,0.9742
11190620,양평2동,37.543568,126.890541,2.8725
11190630,신길1동,37.512518,126.919453,0.7224
11190650,신길3동,37.5062,126.905696,0.5197
11190660,신길4동,37.50691,126.912749,0.3224
11190670,신길5동,37.500957,126.905566,0.4943
11190680,신길6동,37.498794,126.91359,0.6179
11190690,신길7동,37.505962,126.919586,0.6467
11190700,대림1동,37.493703,126.905206,0.4986
11190710,대림2동,37.489634,126.900498,0.5721
11190720,대림3동,37.5,126.897176,0.921
11190730,영등포본동,37.513678,126.909458,0.8457
11190740,영등포동,37.521692,126.907618,1.3714
11190750,도림동,37.50914,126.900643,0.5855
11190760,문래동,37.516536,126.891063,1.7854
11200520,노량진2동,37.510885,126.937811,0.6001
11200530,상도1동,37.498372,126.95339,1.4814
11200540,상도2동,37.503679,126.941953,0.7784
11200550,상도3동,37.497609,126.932908,0.6369
11200560,상도4동,37.497423,126.940707,0.9389
11200630,사당1동,37.479767,126.977521,0.6347
11200650,사당3동,37.4888,126.970979,0.907
11200660,사당4동,37.48049,126.97079,0.4358
11200670,사당5동,37.485776,126.965035,0.6817
11200680,대방동,37.506939,126.928022,1.5438
11200690,신대방1동,37.489943,126.910576,0.6748
11200700,신대방2동,37.49457,126.921601,0.9697
11200710,흑석동,37.505431,126.962189,1.707
11200720,노량진1동,37.512249,126.948929,1.6122
11200730,사당2동,37.497268,126.974798,2.7611
11210520,보라매동,37.490395,126.932507,0.7561
11210540,청림동,37.489535,126.959466,0.2969
11210570,행운동,37.481019,126.960506,0.7177
11210580,낙성대동,37.46766,126.959847,2.2611
11210610,중앙동,37.484151,126.950646,0.3844
11210620,인헌동,37.469712,126.967605,1.0883
11210630,남현동,37.464109,126.977805,3.2786
11210640,서원동,37.48065,126.933268,0.6471
11210650,신원동,37.479392,126.926617,0.5446
11210660,서림동,37.472951,126.941449,0.9406
11210680,신사동,37.485767,126.918658,0.6406
11210690,신림동,37.487139,126.927189,0.5408
11210710,난향동,37.461498,126.918569,0.8208
11210720,조원동,37.482822,126.907295,0.6661
11210730,대학동,37.452914,126.948477,8.3989
11210780,은천동,37.487015,126.942085,0.7756
11210790,성현동,37.489581,126.951022,0.6777
11210800,청룡동,37.478086,126.945769,1.1947
11210810,난곡동,37.470616,126.921097,0.9717
11210820,삼성동,37.460834,126.930062,2.6025
11210830,미성동,37.475902,126.915475,1.3584
11220510,서초1동,37.486882,127.020111,1.3816
11220520,서초2동,37.488806,127.027851,1.2302
11220530,서초3동,37.485532,127.009427,2.9963
11220540,서초4동,37.498993,127.019834,0.8791
11220550,잠원동,37.517059,127.012793,1.7555
11220560,반포본동,37.504224,126.987517,0.9718
11220570,반포1동,37.505557,127.016733,0.9916
11220580,반포2동,37.507262,126.995973,1.395
11220590,반포3동,37.512334,127.003966,1.2508
11220600,반포4동,37.499581,127.003362,1.4261
11220610,방배본동,37.495072,126.987705,0.677
11220620,방배1동,37.484817,126.996219,0.6887
11220630,방배2동,37.473297,126.988455,1.9026
11220640,방배3동,37.474399,126.997884,2.3733
11220650,방배4동,37.489806,126.990994,0.9488
11220660,양재1동,37.469488,127.022434,5.7601
11220670,양재2동,37.451237,127.045726,7.5574
11220680,내곡동,37.455861,127.070627,12.6992
11230510,신사동,37.526072,127.020128,2.0577
11230511,개포3동,37.496328,127.078763,1.2993
11230520,논현1동,37.511861,127.026489,1.2578
11230530,논현2동,37.515236,127.036194,1.4574
11230580,삼성1동,37.515294,127.060917,1.9431
11230590,삼성2동,37.511877,127.048825,1.2413
11230600,대치1동,37.493266,127.059084,0.8092
11230630,대치4동,37.501561,127.054748,0.7005
11230640,역삼1동,37.500855,127.035509,2.3603
11230650,역삼2동,37.498506,127.044901,1.1342
11230660,도곡1동,37.488898,127.040956,1.0498
11230670,도곡2동,37.488296,127.049769,0.99
11230680,개포1동,37.477809,127.062261,1.4488
11230710,개포4동,37.475326,127.053425,1.6642
11230720,일원본동,37.482213,127.08456,2.3528
11230730,일원1동,37.493508,127.089118,0.9527
11230750,수서동,37.486866,127.100146,1.6281
11230760,세곡동,37.47065,127.104332,6.362
11230770,압구정동,37.529742,127.034244,2.3433
11230780,청담동,37.524364,127.050428,2.3274
11230790,대치2동,37.500988,127.065667,1.836
11230800,개포2동,37.484672,127.069031,2.2416
11240510,풍납1동,37.538476,127.114707,1.0745
11240520,풍납2동,37.530208,127.10815,2.5626
11240530,거여1동,37.494761,127.141857,0.5219
11240540,거여2동,37.492232,127.147101,0.5092
11240550,마천1동,37.495326,127.156019,0.5748
11240560,마천2동,37.500531,127.150618,0.89
11240570,방이1동,37.50983,127.122422,0.6088
11240580,방이2동,37.513249,127.113886,0.7692
11240590,오륜동,37.517424,127.128849,3.0827
11240600,오금동,37.503979,127.134012,1.6476
11240610,송파1동,37.507237,127.110315,0.6864
11240620,송파2동,37.502851,127.116886,0.6305
11240630,석촌동,37.502763,127.102509,0.9462
11240640,삼전동,37.501928,127.091921,0.9526
11240650,가락본동,37.497033,127.121667,1.014
11240660,가락1동,37.495172,127.10826,1.3922
11240670,가락2동,37.495915,127.130789,0.9316
11240680,문정1동,37.488493,127.126823,0.6121
11240690,문정2동,37.481178,127.119122,2.2403
11240710,잠실본동,37.505989,127.082608,1.0282
11240750,잠실4동,37.520709,127.109153,0.7796
11240770,잠실6동,37.519816,127.099368,1.5068
11240780,잠실7동,37.507334,127.073885,0.7229
11240790,잠실2동,37.517426,127.079467,2.6848
11240800,잠실3동,37.513918,127.094283,1.5415
11240810,장지동,37.483017,127.131501,1.2774
11240820,위례동,37.481548,127.141225,2.6386
11250530,명일1동,37.550354,127.145857,0.6344
11250540,명일2동,37.548309,127.154221,0.9136
11250550,고덕1동,37.561713,127.15092,1.5158
11250560,고덕2동,37.565126,127.162717,2.4749
11250580,암사2동,37.557045,127.123668,2.1726
11250590,암사3동,37.561222,127.138649,1.798
11250610,천호1동,37.546301,127.138525,0.6685
11250630,천호3동,37.539677,127.133247,0.5611
11250650,성내1동,37.528718,127.125482,0.6632
11250660,성내2동,37.534354,127.127727,0.6247
11250670,성내3동,37.52838,127.13378,0.6469
11250700,둔촌1동,37.523058,127.140396,0.9115
11250710,둔촌2동,37.531347,127.147204,1.5492
11250720,암사1동,37.551806,127.134613,0.7349
11250730,천호2동,37.545,127.12204,1.8497
11250740,길동,37.539733,127.145924,1.6303
11250750,강일동,37.568987,127.173351,2.2704
11250760,상일1동,37.550636,127.164793,1.8026
11250770,상일2동,37.551805,127.177539,1.1155
21010510,중앙동,35.104907,129.038813,0.8153
21010520,동광동,35.103514,129.034422,0.1621
21010530,대청동,35.105226,129.03097,0.3562
21010540,보수동,35.106292,129.025024,0.4134
21010560,부평동,35.101119,129.025218,0.2247
21010570,광복동,35.100313,129.030962,0.2101
21010580,남포동,35.09738,129.030212,0.2528
21010590,영주1동,35.111794,129.035188,0.2161
21010600,영주2동,35.112148,129.030638,0.4288
21020510,동대신1동,35.109992,129.022283,0.2308
21020520,동대신2동,35.113404,129.023135,0.4354
21020530,동대신3동,35.123751,129.021661,1.4689
21020540,서대신1동,35.108926,129.012448,0.6309
21020560,서대신3동,35.114143,129.008584,0.7042
21020570,서대신4동,35.127968,129.010124,3.8399
21020590,부민동,35.10466,129.017916,0.4071
21020610,아미동,35.100304,129.013388,0.7212
21020630,초장동,35.094123,129.017518,0.4427
21020640,충무동,35.097446,129.022793,0.3692
21020650,남부민1동,35.090206,129.021708,0.4711
21020680,암남동,35.070361,129.014478,3.7899
21020690,남부민2동,35.08492,129.021673,0.6503
21030510,초량1동,35.114913,129.037114,0.2616
21030520,초량2동,35.117864,129.035266,0.3487
21030530,초량3동,35.117473,129.045471,1.8212
21030550,초량6동,35.123523,129.030457,1.2846
21030560,수정1동,35.124996,129.040554,0.2031
21030570,수정2동,35.132065,129.038991,0.9433
21030590,수정4동,35.13036,129.033689,0.6562
21030600,수정5동,35.136454,129.041719,0.7125
21030660,범일2동,35.136128,129.061772,0.8803
21030680,범일5동,35.126935,129.056998,1.3483
21030700,좌천동,35.13423,129.05064,0.6
21030710,범일1동,35.14119,129.048143,1.0648
21040530,남항동,35.089097,129.036993,0.7748
21040540,영선1동,35.089206,129.043183,0.1736
21040550,영선2동,35.079887,129.045277,0.659
21040590,봉래1동,35.094341,129.043003,0.2946
21040630,청학1동,35.096,129.057239,0.7736
21040640,청학2동,35.089707,129.063316,1.813
21040650,동삼1동,35.075308,129.067112,3.4256
21040660,동삼2동,35.063687,129.082548,3.9823
21040670,동삼3동,35.084247,129.068814,0.9191
21040680,신선동,35.084377,129.049031,1.1079
21040690,봉래2동,35.093522,129.051057,0.7059
21050520,부전2동,35.154457,129.057447,0.6969
21050540,연지동,35.171971,129.053354,1.034
21050550,초읍동,35.185947,129.040581,5.9328
21050560,양정1동,35.172101,129.066793,1.11
21050570,양정2동,35.172184,129.075633,0.9727
21050610,전포2동,35.161944,129.070397,1.2361
21050640,부암1동,35.164442,129.04926,0.8255
21050660,부암3동,35.175402,129.033167,1.8332
21050680,당감2동,35.159007,129.041978,0.8456
21050700,당감4동,35.170989,129.029507,0.941
21050720,가야2동,35.145664,129.027533,1.4616
21050740,개금1동,35.15131,129.021673,0.5671
21050750,개금2동,35.142016,129.018307,0.9186
21050760,개금3동,35.159867,129.021434,2.052
21050770,범천1동,35.145752,129.060207,0.5405
21050800,당감1동,35.16882,129.024033,2.3937
21050810,가야1동,35.148,129.0364,1.7451
21050820,부전1동,35.164197,129.05939,1.2512
21050830,전포1동,35.154084,129.071574,1.6584
21050840,범천2동,35.14879,129.04919,1.7287
21060510,수민동,35.19778,129.088668,1.2307
21060520,복산동,35.205689,129.090217,0.7763
21060550,온천1동,35.220233,129.074721,2.0672
21060560,온천2동,35.213932,129.065559,2.484
21060570,온천3동,35.206198,129.063964,1.6768
21060580,사직1동,35.199025,129.062709,0.4103
21060590,사직2동,35.198867,129.053624,1.911
21060600,사직3동,35.198913,129.071214,0.6998
21060610,안락1동,35.198802,129.098739,0.8349
21060620,안락2동,35.19449,129.109397,1.4303
21060630,명장1동,35.204721,129.106748,0.8979
21060640,명장2동,35.209358,129.098257,0.8828
21060650,명륜동,35.211015,129.085097,1.3552
21070530,대연3동,35.145441,129.096085,4.4243
21070540,대연4동,35.127448,129.091049,1.0005
21070550,대연5동,35.141573,129.089484,1.2294
21070560,대연6동,35.138203,129.082133,0.6672
21070570,용호1동,35.125506,129.1097,1.5209
21070580,용호2동,35.10768,129.118832,2.0429
21070590,용호3동,35.121188,129.119767,2.0929
21070600,용호4동,35.104279,129.106621,1.6692
21070610,용당동,35.112292,129.097625,3.6707
21070620,감만1동,35.111629,129.079326,3.1153
21070630,감만2동,35.121691,129.084885,0.5102
21070660,문현1동,35.145829,129.076566,1.0579
21070670,문현2동,35.144488,129.066654,0.5689
21070680,문현3동,35.138669,129.073571,0.6168
21070690,문현4동,35.132965,129.070874,0.7634
21070700,대연1동,35.132673,129.088732,0.8552
21070710,우암동,35.126071,129.075521,1.43
21080510,구포1동,35.205242,129.007727,1.1479
21080520,구포2동,35.199458,128.996523,1.6977
21080530,구포3동,35.194857,129.013221,2.7085
21080540,금곡동,35.261731,129.023153,8.0582
21080550,화명1동,35.231877,129.02864,4.9833
21080560,덕천1동,35.217027,129.018047,1.4623
21080570,덕천2동,35.216193,129.002673,2.4579
21080580,덕천3동,35.20782,129.018325,0.8038
21080590,만덕1동,35.220623,129.041661,4.9205
21080600,만덕2동,35.205788,129.039207,2.4562
21080610,만덕3동,35.2045,129.026826,1.4521
21080620,화명2동,35.246978,129.031666,5.0821
21080630,화명3동,35.233685,129.005746,2.4825
21090530,중1동,35.163704,129.169458,1.5126
21090540,중2동,35.160976,129.184101,1.4941
21090560,송정동,35.184521,129.197453,4.2359
21090580,반여2동,35.196295,129.137927,1.284
21090590,반여3동,35.20135,129.140343,1.257
21090620,반송2동,35.235534,129.151945,3.9377
21090640,재송1동,35.182698,129.125044,2.4883
21090650,재송2동,35.189928,129.132717,1.8025
21090660,좌1동,35.173627,129.176077,0.6191
21090670,좌2동,35.170045,129.184343,1.3817
21090680,좌3동,35.17299,129.167236,0.7463
21090690,좌4동,35.189827,129.172765,6.5805
21090700,반여1동,35.2075,129.130812,4.9944
21090710,반여4동,35.208052,129.11548,0.9831
21090720,반송1동,35.220969,129.143787,7.664
21090730,우1동,35.168225,129.156371,3.2106
21090740,우2동,35.178515,129.144321,7.2286
21090750,우3동,35.159003,129.144181,0.8429
21100510,괴정1동,35.098969,128.989521,1.1474
21100520,괴정2동,35.107868,129.000891,2.0973
21100530,괴정3동,35.100531,128.996244,0.7235
21100540,괴정4동,35.101488,128.983994,0.9832
21100550,당리동,35.112415,128.983215,3.9023
21100560,하단1동,35.095529,128.94431,5.0532
21100570,하단2동,35.11681,128.955747,5.8105
21100580,신평1동,35.09062,128.975121,1.7802
21100590,신평2동,35.090603,128.960399,2.5822
21100600,장림1동,35.076857,128.963102,2.4964
21100610,장림2동,35.07564,128.976023,2.349
21100620,다대1동,35.055376,128.955871,9.586
21100630,다대2동,35.059405,128.985711,2.3478
21100640,구평동,35.073523,128.990708,3.565
21100650,감천1동,35.087249,129.002789,2.1127
21100660,감천2동,35.094058,129.00814,0.9192
21110510,서1동,35.218228,129.098052,0.3457
21110520,서2동,35.212811,129.104559,0.4276
21110570,부곡1동,35.223928,129.09501,0.5759
21110580,부곡2동,35.23064,129.096202,1.2973
21110590,부곡3동,35.246828,129.114438,8.5276
21110600,부곡4동,35.219281,129.091054,0.4878
21110610,장전1동,35.241472,129.075814,2.4605
21110640,선두구동,35.281667,129.111906,12.0812
21110670,청룡노포동,35.285662,129.079192,10.9919
21110680,남산동,35.268027,129.08058,3.6495
21110690,구서1동,35.249974,129.089774,2.6589
21110700,구서2동,35.25755,129.079948,3.6124
21110710,금성동,35.254094,129.053924,8.4805
21110720,서3동,35.220302,129.104805,0.9215
21110730,금사회동동,35.233059,129.123119,5.524
21110740,장전2동,35.231017,129.07394,3.6052
21120510,대저1동,35.211049,128.966011,17.7301
21120520,대저2동,35.160474,128.942623,29.2429
21120530,강동동,35.180577,128.918648,18.5038
21120550,가락동,35.185437,128.89444,18.9571
21120561,녹산동,35.129192,128.855362,52.8174
21120562,신호동,35.082883,128.875976,4.5981
21120580,가덕도동,35.043312,128.824943,27.5507
21120590,명지1동,35.110124,128.915316,12.4283
21120600,명지2동,35.072626,128.905016,3.831
21130510,거제1동,35.193836,129.07747,1.2995
21130520,거제2동,35.188729,129.060109,1.8906
21130530,거제3동,35.182743,129.071924,0.5281
21130540,거제4동,35.180909,129.065578,0.5257
21130550,연산1동,35.188681,129.090008,0.7751
21130560,연산2동,35.171944,129.081262,1.1586
21130570,연산3동,35.169033,129.091555,0.7995
21130580,연산4동,35.183777,129.087397,0.8282
21130590,연산5동,35.183995,129.078242,0.6984
21130600,연산6동,35.170677,129.088544,1.3601
21130620,연산8동,35.186346,129.097039,0.7481
21130630,연산9동,35.184026,129.107046,1.523
21140510,남천1동,35.144459,129.107778,1.1759
21140520,남천2동,35.143344,129.114484,0.5034
21140530,수영동,35.170473,129.117657,0.7323
21140540,망미1동,35.171428,129.100732,1.8727
21140550,망미2동,35.177103,129.114711,0.7595
21140560,광안1동,35.162777,129.111635,0.946
21140570,광안2동,35.154401,129.115399,0.6656
21140580,광안3동,35.167785,129.110803,0.5637
21140590,광안4동,35.156752,129.104739,1.5336
21140600,민락동,35.159487,129.125662,1.5826
21150510,삼락동,35.175103,128.972322,6.7013
21150520,모라1동,35.188244,128.989984,1.7323
21150540,모라3동,35.182655,129.006965,3.2931
21150550,덕포1동,35.16971,128.987065,0.5549
21150560,덕포2동,35.176353,128.988938,1.621
21150570,괘법동,35.166127,128.993164,3.4342
21150600,주례1동,35.15569,129.000473,1.3217
21150610,주례2동,35.152469,129.01063,2.3181
21150620,주례3동,35.145273,129.001316,1.1575
21150630,학장동,35.137706,128.98884,5.5032
21150640,엄궁동,35.130009,128.97059,5.0628
21150650,감전동,35.150248,128.97902,3.4992
21510110,기장읍,35.225842,129.207287,39.8263
21510111,일광읍,35.287108,129.223382,36.0119
21510120,장안읍,35.349467,129.247186,51.3863
21510130,정관읍,35.33602,129.177901,38.1924
21510330,철마면,35.28197,129.15445,54.2293
22010540,삼덕동,35.865173,128.604487,0.6432
22010560,성내1동,35.868425,128.597186,0.7746
22010590,성내2동,35.87055,128.589188,0.9389
22010610,성내3동,35.874961,128.58252,0.7495
22010620,대신동,35.86733,128.578958,0.4934
22010640,남산1동,35.860096,128.592757,0.3838
22010650,남산2동,35.864124,128.58818,0.3739
22010660,남산3동,35.859883,128.586001,0.4019
22010670,남산4동,35.860934,128.579251,0.4527
22010680,대봉1동,35.859403,128.604505,0.5536
22010690,대봉2동,35.85764,128.598733,0.282
22010700,동인동,35.870296,128.60761,0.9937
22020510,신암1동,35.885356,128.618323,0.6171
22020520,신암2동,35.877915,128.611994,0.36
22020530,신암3동,35.879759,128.620939,0.6015
22020540,신암4동,35.884684,128.628213,1.1481
22020550,신암5동,35.888856,128.634119,0.5259
22020560,신천1·2동,35.871909,128.616055,0.4453
22020580,신천3동,35.872532,128.622405,0.7408
22020590,신천4동,35.872831,128.629761,0.7875
22020600,효목1동,35.881931,128.645528,1.321
22020610,효목2동,35.877174,128.638078,0.7767
22020620,도평동,35.926446,128.68683,21.2737
22020630,불로·봉무동,35.921999,128.642179,7.6066
22020650,지저동,35.898607,128.639968,2.2639
22020660,동촌동,35.893882,128.652534,3.2404
22020680,방촌동,35.877881,128.664653,1.329
22020690,해안동,35.898392,128.685005,13.2559
22020710,공산동,35.975197,128.677121,83.4354
22020730,안심1동,35.865452,128.695652,3.3026
22020740,안심2동,35.901852,128.713445,13.4147
22020760,안심3동,35.86358,128.738439,5.9447
22020770,안심4동,35.869741,128.717356,2.6157
22020780,혁신동,35.891376,128.738034,16.5503
22030510,내당1동,35.862044,128.561712,0.5795
22030520,내당2·3동,35.865085,128.571178,0.4981
22030530,내당4동,35.859197,128.550832,0.7864
22030540,비산1동,35.881927,128.566579,0.4407
22030550,비산2·3동,35.876546,128.574414,0.5444
22030560,비산4동,35.869956,128.572469,0.4101
22030570,비산5동,35.886367,128.568207,0.3415
22030580,비산6동,35.87569,128.569357,0.276
22030590,비산7동,35.887762,128.549762,2.8505
22030600,평리1동,35.876486,128.56536,0.3847
22030610,평리2동,35.869152,128.565712,0.2905
22030620,평리3동,35.876041,128.558769,0.7837
22030630,평리4동,35.867556,128.558003,0.7358
22030640,평리5동,35.872213,128.550825,0.4186
22030650,평리6동,35.879002,128.549915,0.7146
22030660,상중이동,35.872501,128.53448,6.7439
22030680,원대동,35.884051,128.576472,0.6048
22040510,이천동,35.851424,128.602209,1.0816
22040530,봉덕1동,35.846547,128.598124,0.5261
22040540,봉덕2동,35.824414,128.597855,3.2549
22040550,봉덕3동,35.831569,128.592627,2.6559
22040560,대명1동,35.842995,128.576214,0.478
22040570,대명2동,35.852562,128.589699,0.8592
22040580,대명3동,35.852996,128.579409,0.987
22040590,대명4동,35.846695,128.571193,0.7287
22040600,대명5동,35.843937,128.586205,0.8871
22040610,대명6동,35.82844,128.571301,1.8169
22040640,대명9동,35.828799,128.581032,3.0894
22040650,대명10동,35.840756,128.566808,0.531
22040660,대명11동,35.831004,128.562489,0.9034
22050510,고성동,35.881275,128.58508,0.5277
22050520,칠성동,35.879326,128.596964,1.3553
22050550,침산1동,35.899755,128.584509,1.5723
22050560,침산2동,35.887049,128.595495,0.7757
22050570,침산3동,35.892364,128.588097,1.0352
22050610,산격1동,35.897088,128.597544,0.9459
22050620,산격2동,35.90639,128.607928,2.2246
22050630,산격3동,35.892054,128.609821,1.1893
22050640,산격4동,35.894249,128.602996,0.7427
22050650,복현1동,35.893016,128.616515,0.4578
22050660,복현2동,35.898646,128.623157,1.7909
22050700,검단동,35.917294,128.622325,3.8379
22050710,무태조야동,35.937488,128.60169,22.8891
22050740,태전2동,35.918709,128.550539,2.0191
22050750,관문동,35.904957,128.536922,14.6836
22050760,읍내동,35.959552,128.543308,5.908
22050770,관음동,35.944777,128.540429,2.9918
22050780,태전1동,35.925884,128.540055,2.4314
22050790,구암동,35.932382,128.567408,4.1579
22050810,노원동,35.894622,128.569354,3.0288
22050820,동천동,35.939281,128.559119,1.1169
22050830,국우동,35.960202,128.581268,17.1301
22050840,대현동,35.882841,128.607056,0.8621
22060510,범어1동,35.853766,128.627026,1.163
22060520,범어2동,35.862826,128.633321,1.0242
22060530,범어3동,35.864103,128.622937,0.5789
22060540,범어4동,35.853898,128.638186,1.0994
22060550,만촌1동,35.870801,128.649594,2.7853
22060560,만촌2동,35.861525,128.649748,1.776
22060570,만촌3동,35.850601,128.65018,1.7913
22060580,수성1가동,35.854863,128.610841,0.5995
22060590,수성2·3가동,35.855206,128.617371,0.6461
22060600,수성4가동,35.862662,128.616165,0.6307
22060610,황금1동,35.840946,128.637815,2.595
22060620,황금2동,35.845108,128.622422,1.1785
22060630,중동,35.84467,128.612312,0.8966
22060640,상동,35.833347,128.611536,1.3267
22060650,파동,35.812419,128.614133,5.8285
22060660,두산동,35.828502,128.620607,1.9587
22060670,지산1동,35.830113,128.637697,2.8468
22060680,지산2동,35.818095,128.631751,1.7061
22060690,범물1동,35.809978,128.660405,5.6659
22060700,범물2동,35.810319,128.644318,2.0954
22060710,고산1동,35.811633,128.6995,8.8532
22060720,고산2동,35.838397,128.67706,24.5108
22060730,고산3동,35.848777,128.714063,5.231
22070550,두류3동,35.851634,128.555182,1.1737
22070560,본리동,35.839917,128.538229,1.0915
22070570,감삼동,35.848015,128.540071,1.1087
22070580,죽전동,35.854496,128.538995,0.8082
22070590,장기동,35.842801,128.519655,2.8003
22070600,이곡1동,35.857147,128.511459,1.8179
22070610,신당동,35.849004,128.485512,9.0042
22070630,월성2동,35.827876,128.504297,6.994
22070650,상인1동,35.81947,128.54124,1.5015
22070660,상인2동,35.813103,128.538414,0.9284
22070670,상인3동,35.811674,128.564948,3.6735
22070680,도원동,35.794858,128.557024,10.5948
22070690,송현1동,35.823825,128.558075,2.4272
22070700,송현2동,35.830946,128.548263,0.9629
22070710,본동,35.833709,128.539543,1.1007
22070720,용산1동,35.855033,128.528428,1.3202
22070730,용산2동,35.859814,128.520116,1.5118
22070740,이곡2동,35.850388,128.503696,2.2091
22070750,성당동,35.844559,128.556322,1.9694
22070760,두류1·2동,35.856341,128.567157,1.2971
22070770,월성1동,35.824698,128.527034,1.8922
22070780,진천동,35.802145,128.52702,5.0857
22070790,유천동,35.816458,128.514647,1.2438
22510110,화원읍,35.7867,128.512095,26.3883
22510120,논공읍,35.751824,128.434431,44.4373
22510130,다사읍,35.872474,128.465888,36.1807
22510140,유가읍,35.683512,128.487923,56.2582
22510150,옥포읍,35.768251,128.478723,46.8666
22510160,현풍읍,35.688366,128.425732,25.1154
22510310,가창면,35.757904,128.619675,109.8904
22510320,하빈면,35.898034,128.429283,38.7927
22510360,구지면,35.656737,128.403231,38.8745
22520111,군위읍,36.237108,128.572775,83.5943
22520311,소보면,36.262443,128.476857,99.8251
22520312,효령면,36.138297,128.597152,98.3623
22520313,부계면,36.062205,128.660299,64.7614
22520314,우보면,36.169941,128.659698,60.1895
22520315,의흥면,36.170473,128.738207,54.5357
22520316,산성면,36.100979,128.709634,37.1552
22520317,삼국유사면,36.15118,128.820401,114.6499
23010520,연안동,37.451021,126.609148,5.7556
23010530,신포동,37.467597,126.624244,1.59
23010540,신흥동,37.445096,126.626824,3.5361
23010560,도원동,37.467107,126.640125,0.2608
23010570,율목동,37.470138,126.634927,0.1829
23010580,동인천동,37.475083,126.628784,0.6259
23010630,용유동,37.433582,126.407739,39.1186
23010640,운서동,37.472696,126.460163,52.7981
23010650,영종동,37.509222,126.534593,35.8502
23010670,개항동,37.476,126.608226,2.8767
23010681,영종1동,37.486854,126.556976,2.1977
23010691,영종2동,37.495599,126.56931,3.6868
23020510,만석동,37.486253,126.620907,1.1335
23020520,화수1·화평동,37.480605,126.630177,0.2871
23020530,화수2동,37.485214,126.631474,0.5926
23020550,송현1·2동,37.478091,126.635754,0.3331
23020570,송현3동,37.488561,126.640859,2.2348
23020580,송림1동,37.475283,126.638619,0.1961
23020590,송림2동,37.476728,126.642988,0.1981
23020600,송림3·5동,37.472929,126.648262,0.5197
23020610,송림4동,37.481407,126.658935,0.7994
23020630,송림6동,37.481719,126.648261,0.5583
23020640,금창동,37.471731,126.640432,0.2892
23040510,옥련1동,37.420178,126.649624,2.1667
23040520,선학동,37.429548,126.697494,2.4344
23040530,연수1동,37.425103,126.680051,1.6378
23040540,연수2동,37.41331,126.68406,0.9704
23040550,연수3동,37.419486,126.68842,0.8637
23040560,청학동,37.424814,126.666496,2.3879
23040570,동춘1동,37.408728,126.659661,3.8202
23040580,동춘2동,37.400912,126.671005,1.2792
23040590,동춘3동,37.407961,126.678128,0.7073
23040600,옥련2동,37.428679,126.646472,1.9928
23040640,송도1동,37.365941,126.628447,11.1257
23040650,송도3동,37.366818,126.664395,16.7603
23040660,송도2동,37.40092,126.640128,3.6027
23040680,송도4동,37.391639,126.622796,6.9564
23040690,송도5동,37.417524,126.619037,6.4423
23050510,구월1동,37.444795,126.712367,1.6771
23050521,구월2동,37.456472,126.715425,0.8332
23050530,구월3동,37.448598,126.701683,1.8371
23050540,구월4동,37.448435,126.722593,1.0414
23050550,간석1동,37.459832,126.701984,0.9464
23050561,간석2동,37.461265,126.711182,0.5753
23050570,간석3동,37.469365,126.715482,1.6495
23050580,간석4동,37.466888,126.696532,1.065
23050590,만수1동,37.450644,126.735284,0.7563
23050600,만수2동,37.463815,126.735851,0.8533
23050610,만수3동,37.466831,126.729489,1.265
23050620,만수4동,37.457286,126.737784,0.9689
23050630,만수5동,37.456158,126.726336,0.5438
23050640,만수6동,37.441931,126.740076,1.7175
23050670,남촌도림동,37.425645,126.72088,9.8455
23050720,논현1동,37.409504,126.738682,3.8147
23050730,논현2동,37.40761,126.708272,3.2623
23050740,논현고잔동,37.394402,126.702198,10.9736
23050750,장수서창동,37.451183,126.760681,11.4269
23050760,서창2동,37.426783,126.748165,2.512
23060510,부평1동,37.496155,126.720328,1.0959
23060520,부평2동,37.479159,126.721223,2.2901
23060530,부평3동,37.484325,126.708752,0.9751
23060540,부평4동,37.501483,126.726002,1.053
23060550,부평5동,37.49529,126.730795,0.8725
23060560,부평6동,37.485401,126.726565,0.7562
23060570,산곡1동,37.504488,126.696264,2.2965
23060580,산곡2동,37.503502,126.705431,0.8131
23060590,산곡3동,37.492138,126.705286,1.6384
23060600,산곡4동,37.500863,126.712084,0.6914
23060610,청천1동,37.517838,126.694249,2.0855
23060620,청천2동,37.515141,126.713407,2.8179
23060630,갈산1동,37.518638,126.72683,1.1003
23060640,갈산2동,37.510477,126.726862,0.6737
23060650,삼산1동,37.520343,126.747044,1.968
23060660,부개1동,37.48386,126.735569,0.9279
23060670,부개2동,37.493153,126.73812,0.6583
23060680,부개3동,37.50225,126.73818,0.8698
23060690,일신동,37.475135,126.748649,4.3278
23060700,십정1동,37.477984,126.694859,1.7398
23060710,십정2동,37.473285,126.702719,1.0899
23060720,삼산2동,37.51251,126.738872,1.3516
23070510,효성1동,37.534124,126.70811,2.0768
23070520,효성2동,37.530094,126.697897,2.9085
23070530,계산1동,37.540755,126.71794,1.4564
23070540,계산2동,37.547623,126.720278,1.5829
23070550,계산3동,37.53951,126.731724,0.5219
23070560,작전1동,37.529502,126.729914,0.8314
23070570,작전2동,37.530723,126.722636,0.9719
23070580,작전서운동,37.530377,126.748035,3.2763
23070610,계양2동,37.548659,126.740996,4.1561
23070620,계산4동,37.53847,126.739931,0.8503
23070630,계양1동,37.571713,126.726146,17.0594
23070640,계양3동,37.569421,126.765163,9.8105
23080510,검암경서동,37.566045,126.66643,14.997
23080531,연희동,37.547924,126.68293,9.3763
23080541,가정1동,37.528983,126.671082,2.4971
23080550,가정2동,37.528608,126.681213,1.2906
23080560,가정3동,37.518086,126.681633,0.5889
23080580,석남1동,37.510079,126.66839,1.1464
23080590,석남2동,37.503005,126.657885,2.7232
23080600,석남3동,37.506611,126.68144,1.4498
23080620,가좌1동,37.491576,126.662276,4.3422
23080630,가좌2동,37.494586,126.685759,0.7239
23080640,가좌3동,37.487933,126.68031,1.9403
23080650,가좌4동,37.4859,126.688125,1.8989
23080730,신현원창동,37.51341,126.630982,10.1025
23080740,청라1동,37.530747,126.655505,2.4684
23080780,청라2동,37.533549,126.640855,4.9192
23080790,청라3동,37.535563,126.617571,13.1855
23080800,검단동,37.612455,126.652346,8.0129
23080810,불로대곡동,37.617876,126.677235,10.8083
23080840,오류왕길동,37.581952,126.621813,29.9998
23080850,당하동,37.588944,126.678835,2.3378
23080860,마전동,37.596391,126.673452,1.2124
23080870,원당동,37.592834,126.697047,2.5987
23080880,아라동,37.591268,126.711363,3.9591
23090520,숭의2동,37.460879,126.647729,0.5315
23090540,숭의4동,37.462359,126.657155,0.7927
23090560,용현2동,37.456566,126.643018,0.6651
23090570,용현3동,37.455391,126.652743,0.4316
23090590,용현5동,37.448941,126.639437,1.9579
23090600,학익1동,37.438664,126.6517,4.9515
23090610,학익2동,37.443258,126.67039,0.8349
23090620,도화1동,37.462307,126.669281,1.0032
23090650,주안1동,37.461976,126.680628,0.6475
23090660,주안2동,37.455513,126.671839,1.0084
23090670,주안3동,37.448481,126.671478,0.4592
23090680,주안4동,37.454437,126.68703,0.9804
23090690,주안5동,37.469133,126.680593,1.1636
23090700,주안6동,37.461005,126.690946,0.6584
23090710,주안7동,37.44718,126.677764,0.4837
23090720,주안8동,37.447357,126.685209,0.7764
23090730,관교동,37.442705,126.694448,0.8991
23090740,문학동,37.436578,126.685494,1.7127
23090750,숭의1·3동,37.465789,126.645934,0.6885
23090760,용현1·4동,37.451784,126.659069,1.4184
23090770,도화2·3동,37.473427,126.662384,2.8734
23510110,강화읍,37.751879,126.4882,25.0018
23510310,선원면,37.716037,126.486248,21.4027
23510320,불은면,37.683937,126.481929,31.6108
23510330,길상면,37.627204,126.498027,35.3658
23510340,화도면,37.618872,126.423978,42.404
23510350,양도면,37.672388,126.432397,35.6166
23510360,내가면,37.72295,126.393895,29.9069
23510370,하점면,37.762353,126.400841,36.3695
23510380,양사면,37.801793,126.402664,27.2853
23510390,송해면,37.778942,126.459594,22.2946
23510400,교동면,37.786761,126.265434,47.027
23510410,삼산면,37.69882,126.319989,45.706
23510420,서도면,37.662136,126.199607,13.1489
23520310,북도면,37.533227,126.399641,19.2191
23520320,연평면,37.659967,125.698814,7.2954
23520330,백령면,37.953673,124.674973,51.353
23520340,대청면,37.814676,124.709019,15.8391
23520350,덕적면,37.194015,126.086559,41.5039
23520360,자월면,37.189907,126.245493,20.1848
23520370,영흥면,37.25566,126.466105,29.8481
24010510,충장동,35.150558,126.915487,1.0896
24010540,동명동,35.150503,126.925473,0.4286
24010560,계림1동,35.15941,126.917497,0.6231
24010580,계림2동,35.16017,126.92385,0.5687
24010590,산수1동,35.155942,126.928531,0.5739
24010610,산수2동,35.156907,126.93788,0.8744
24010620,지산1동,35.150095,126.931245,0.3458
24010630,지산2동,35.1484,126.944086,2.2022
24010640,서남동,35.142628,126.92736,1.4677
24010680,학동,35.136715,126.924792,0.7922
24010710,학운동,35.12858,126.96317,11.2014
24010720,지원1동,35.127707,126.937277,1.1189
24010730,지원2동,35.101825,126.950662,27.4154
24020510,양동,35.152402,126.902432,0.4643
24020530,양3동,35.157711,126.895206,0.3119
24020540,농성1동,35.156071,126.889052,0.9186
24020550,농성2동,35.150581,126.886598,0.4627
24020560,광천동,35.165428,126.880163,1.1392
24020570,유덕동,35.163741,126.846029,6.2642
24020580,상무1동,35.156223,126.862074,1.5035
24020590,상무2동,35.146526,126.861573,1.6481
24020600,화정1동,35.155309,126.876827,0.8605
24020610,화정2동,35.145328,126.881976,0.8886
24020620,화정3동,35.145027,126.876226,0.736
24020630,화정4동,35.139853,126.870336,1.0741
24020640,서창동,35.116912,126.8327,19.3584
24020660,치평동,35.152747,126.845232,2.7135
24020670,풍암동,35.125554,126.875366,4.7915
24020680,금호1동,35.135557,126.854416,1.824
24020690,금호2동,35.128364,126.857217,1.3461
24020700,동천동,35.170829,126.859738,1.1836
24030510,양림동,35.138374,126.91434,0.6251
24030520,방림1동,35.133568,126.916542,0.3483
24030530,방림2동,35.129884,126.922129,0.7566
24030540,사직동,35.144813,126.909158,0.6019
24030570,월산동,35.146616,126.899824,0.8611
24030600,월산4동,35.145917,126.891564,0.6308
24030610,월산5동,35.140396,126.894428,0.4314
24030620,백운1동,35.139771,126.90565,0.4533
24030630,백운2동,35.136118,126.903192,0.469
24030640,주월1동,35.128378,126.8959,1.5669
24030650,주월2동,35.136277,126.890203,0.8116
24030670,송암동,35.106058,126.878567,5.8479
24030680,봉선1동,35.130303,126.908642,0.7691
24030690,봉선2동,35.122219,126.913712,1.8499
24030700,대촌동,35.078356,126.827128,35.1553
24030710,진월동,35.11592,126.899693,2.6833
24030720,효덕동,35.096897,126.902993,6.6766
24040510,중흥1동,35.162726,126.910954,0.6686
24040540,중앙동,35.156726,126.906638,0.6387
24040550,임동,35.163505,126.893937,1.3021
24040560,신안동,35.168212,126.900054,1.2335
24040570,용봉동,35.179228,126.900448,3.1168
24040580,운암1동,35.175979,126.872915,0.8778
24040590,운암2동,35.174965,126.884691,1.2874
24040600,운암3동,35.184199,126.875447,1.3505
24040610,동림동,35.181176,126.859197,3.2654
24040620,우산동,35.17446,126.921248,0.9555
24040630,풍향동,35.165195,126.92612,0.6609
24040640,문화동,35.182894,126.940894,3.1741
24040650,문흥1동,35.191904,126.929853,2.1821
24040660,문흥2동,35.182355,126.918312,0.6208
24040670,두암1동,35.16969,126.928216,0.5276
24040680,두암2동,35.174166,126.937448,1.5938
24040690,두암3동,35.165125,126.939467,1.3723
24040700,삼각동,35.202941,126.906102,3.3159
24040710,매곡동,35.190778,126.888978,1.855
24040720,오치1동,35.191938,126.913434,2.2814
24040730,오치2동,35.188453,126.902083,0.6429
24040740,석곡동,35.175578,126.969495,47.9589
24040780,일곡동,35.212742,126.898699,3.0367
24040800,양산동,35.201387,126.873242,5.9391
24040810,건국동,35.23454,126.889816,26.8129
24040820,신용동,35.212788,126.862977,1.823
24040831,중흥동,35.170741,126.912645,0.8829
24050511,송정1동,35.134822,126.80454,1.4865
24050512,송정2동,35.138698,126.79101,1.3087
24050513,신흥동,35.132048,126.81162,5.447
24050514,어룡동,35.160005,126.768981,17.4682
24050515,비아동,35.212175,126.823362,4.5944
24050516,첨단2동,35.209371,126.844156,3.6326
24050517,수완동,35.191593,126.82026,4.5918
24050518,임곡동,35.21749,126.754096,29.1287
24050519,본량동,35.189416,126.709643,33.3975
24050521,신창동,35.19079,126.846653,4.0226
24050540,도산동,35.12325,126.791869,4.02
24050580,우산동,35.154953,126.815706,4.5338
24050590,월곡1동,35.167483,126.812605,0.6332
24050600,월곡2동,35.171296,126.805912,1.2298
24050630,하남동,35.194516,126.795054,15.9067
24050650,동곡동,35.096217,126.7785,16.1971
24050660,평동,35.127247,126.741622,29.0158
24050670,삼도동,35.143451,126.689097,38.7583
24050690,첨단1동,35.222067,126.837062,2.2898
24050710,운남동,35.172929,126.824664,2.8011
24050740,신가동,35.183001,126.83311,1.447
25010530,효동,36.310417,127.453347,2.427
25010550,판암1동,36.316161,127.471009,5.2659
25010560,판암2동,36.321435,127.454352,0.7892
25010570,용운동,36.332761,127.461272,3.486
25010600,자양동,36.338079,127.45001,1.1503
25010630,가양1동,36.343181,127.442121,0.9889
25010640,가양2동,36.348763,127.453482,1.7372
25010650,용전동,36.35404,127.434532,1.2017
25010680,홍도동,36.347135,127.425686,0.6333
25010730,대청동,36.37699,127.495385,63.9137
25010750,산내동,36.254178,127.459566,50.5475
25010760,중앙동,36.33194,127.434943,1.2361
25010770,신인동,36.322519,127.440951,0.8036
25010780,대동,36.329102,127.445116,0.7809
25010790,성남동,36.343766,127.433486,0.8021
25010800,삼성동,36.339379,127.425154,1.3243
25020510,은행선화동,36.330993,127.419927,1.4957
25020530,목동,36.333602,127.409209,0.712
25020540,중촌동,36.341977,127.408988,1.1968
25020550,대흥동,36.322756,127.424935,1.1975
25020560,문창동,36.317786,127.43587,0.4479
25020570,석교동,36.300466,127.440299,4.2935
25020580,대사동,36.310535,127.421977,1.9883
25020590,부사동,36.311532,127.43142,1.1726
25020600,용두동,36.330058,127.406549,0.7654
25020620,오류동,36.325212,127.405137,0.6557
25020630,태평1동,36.326896,127.398517,0.5041
25020640,태평2동,36.324446,127.39163,1.0866
25020650,유천1동,36.315523,127.392952,0.5855
25020660,유천2동,36.31834,127.399596,0.6874
25020670,문화1동,36.310489,127.412437,2.4085
25020680,문화2동,36.307368,127.402736,1.2364
25020690,산성동,36.263513,127.407542,41.6093
25030510,복수동,36.302383,127.376591,1.7848
25030511,가수원동,36.289237,127.349833,4.6632
25030512,도안동,36.319781,127.348433,5.2363
25030520,도마1동,36.318484,127.379386,1.3108
25030530,도마2동,36.319366,127.368908,2.1855
25030540,정림동,36.292009,127.363776,6.2154
25030550,변동,36.32749,127.376509,1.5068
25030560,용문동,36.33794,127.396136,0.9872
25030570,탄방동,36.34488,127.391224,1.6346
25030590,둔산1동,36.353079,127.389863,0.9165
25030600,둔산2동,36.357562,127.385684,2.5558
25030610,괴정동,36.33857,127.379976,1.2139
25030620,가장동,36.331387,127.38722,0.569
25030630,내동,36.334392,127.373274,0.9895
25030640,갈마1동,36.348341,127.367203,1.4483
25030650,갈마2동,36.345922,127.373856,0.802
25030660,월평1동,36.345649,127.358162,2.9654
25030670,월평2동,36.36211,127.374729,0.566
25030680,월평3동,36.36059,127.367138,0.6192
25030690,만년동,36.367892,127.382845,1.7054
25030710,기성동,36.242072,127.32724,49.0346
25030720,관저1동,36.306475,127.33831,1.0221
25030730,관저2동,36.292079,127.332119,4.672
25030740,둔산3동,36.353118,127.399598,0.7458
25040540,온천2동,36.368779,127.348692,7.6122
25040550,신성동,36.402629,127.357619,29.7007
25040570,전민동,36.39459,127.398601,9.0023
25040590,노은1동,36.368383,127.299689,10.3958
25040610,구즉동,36.461064,127.376485,27.3253
25040630,관평동,36.419621,127.398521,7.1863
25040640,온천1동,36.355402,127.328616,5.0104
25040660,노은2동,36.405193,127.308977,12.8419
25040670,노은3동,36.387871,127.29922,7.6651
25040680,진잠동,36.30127,127.291855,40.648
25040690,학하동,36.340683,127.297679,13.3331
25040700,상대동,36.341345,127.330131,2.4796
25040710,원신흥동,36.340356,127.34488,2.7133
25050510,오정동,36.353863,127.41408,3.062
25050520,대화동,36.368908,127.407508,3.1602
25050530,회덕동,36.397896,127.433615,16.9715
25050540,비래동,36.36236,127.455028,3.3439
25050550,중리동,36.361622,127.426838,1.4947
25050560,법1동,36.370575,127.425761,0.5026
25050570,법2동,36.375067,127.43862,2.1445
25050580,신탄진동,36.440882,127.464963,23.1777
25050590,석봉동,36.450673,127.423233,1.1178
25050600,덕암동,36.430685,127.42703,6.2739
25050610,목상동,36.44177,127.405196,5.8837
25050620,송촌동,36.364562,127.44279,1.9437
26010510,학성동,35.554815,129.334761,0.9321
26010520,반구1동,35.554643,129.345358,1.1124
26010530,반구2동,35.562313,129.33946,0.5071
26010590,우정동,35.562836,129.310248,1.4953
26010600,태화동,35.5629,129.295249,5.6336
26010610,다운동,35.569509,129.272245,8.853
26010620,병영1동,35.567046,129.346477,1.4509
26010630,병영2동,35.586423,129.339532,4.0498
26010640,약사동,35.579391,129.330484,2.7391
26010660,성안동,35.580339,129.310099,7.0697
26010670,중앙동,35.555192,129.321442,1.6493
26010681,복산동,35.564494,129.328375,1.4537
26020510,신정1동,35.543591,129.304538,1.5318
26020520,신정2동,35.528834,129.303644,2.8917
26020530,신정3동,35.545327,129.314011,1.0235
26020540,신정4동,35.529012,129.314844,0.9412
26020550,신정5동,35.545467,129.321351,0.5978
26020560,달동,35.535715,129.322,1.2937
26020570,삼산동,35.541851,129.341631,4.9633
26020580,삼호동,35.548586,129.275563,2.6072
26020590,무거동,35.542099,129.253924,3.2711
26020600,옥동,35.524269,129.287774,11.2131
26020610,야음장생포동,35.520787,129.360636,13.8765
26020620,대현동,35.526873,129.327928,1.1653
26020630,수암동,35.522436,129.3188,0.5637
26020640,선암동,35.490391,129.348991,28.5414
26030510,방어동,35.493866,129.410782,6.2141
26030520,일산동,35.498369,129.43391,2.3065
26030530,화정동,35.49434,129.420245,1.0366
26030540,대송동,35.505654,129.41376,2.8111
26030550,전하1동,35.52509,129.437297,6.5022
26030580,남목1동,35.538451,129.414615,3.0335
26030590,남목2동,35.527506,129.42186,3.5575
26030600,남목3동,35.554687,129.435824,10.5038
26030610,전하2동,35.509352,129.425108,0.6963
26040510,농소1동,35.631938,129.36748,15.2386
26040520,농소2동,35.658244,129.351128,10.9382
26040530,농소3동,35.6239,129.32086,31.097
26040540,강동동,35.615044,129.418956,61.2189
26040560,효문동,35.568681,129.372591,16.2736
26040570,송정동,35.598352,129.371853,10.763
26040580,양정동,35.553005,129.389035,6.7348
26040590,염포동,35.536365,129.399308,5.6761
26510110,온산읍,35.430214,129.331398,41.0088
26510120,언양읍,35.584802,129.159893,68.3963
26510130,온양읍,35.417193,129.255828,64.4033
26510140,범서읍,35.597053,129.246613,76.5546
26510150,청량읍,35.493018,129.26896,59.9354
26510160,삼남읍,35.53222,129.096081,31.1822
26510310,서생면,35.367837,129.313381,37.2169
26510340,웅촌면,35.46729,129.197971,51.4104
26510360,두동면,35.662429,129.211621,62.9769
26510370,두서면,35.673085,129.144147,78.9226
26510380,상북면,35.593874,129.05738,122.9326
26510400,삼동면,35.505228,129.153742,62.1048
29010110,조치원읍,36.607909,127.286337,13.6889
29010311,연기면,36.544562,127.249954,12.0665
29010312,연동면,36.552693,127.329886,21.3583
29010330,부강면,36.524071,127.378876,27.888
29010340,금남면,36.451894,127.298446,72.4437
29010350,장군면,36.502978,127.207663,53.6905
29010360,연서면,36.584148,127.245837,54.6235
29010370,전의면,36.661639,127.188272,62.1291
29010380,전동면,36.656421,127.25023,57.5511
29010390,소정면,36.714463,127.168966,16.6274
29010512,해밀동,36.531673,127.273729,8.4487
29010513,반곡동,36.512197,127.322187,15.6959
29010514,도담동,36.514634,127.260487,2.0269
29010515,어진동,36.501451,127.263831,2.7711
29010521,새롬동,36.485462,127.248852,1.5102
29010522,나성동,36.502584,127.288883,25.1207
29010560,종촌동,36.50345,127.247253,1.1403
29010590,아름동,36.517845,127.249597,2.2427
29010600,고운동,36.518671,127.235622,5.3078
29010610,한솔동,36.473364,127.249538,2.7601
29010640,대평동,36.47046,127.274308,1.533
29010660,보람동,36.477813,127.289915,1.3164
29010680,다정동,36.494797,127.244932,1.6734
29010710,소담동,36.484379,127.301045,1.2285
31011540,파장동,37.320534,126.989412,8.6384
31011550,율천동,37.299695,126.971712,2.9969
31011560,정자1동,37.304717,126.989308,1.147
31011570,정자2동,37.292218,126.998336,1.2152
31011580,영화동,37.291243,127.013529,1.2815
31011590,송죽동,37.306499,127.004795,1.6751
31011600,조원1동,37.300557,127.016511,1.6343
31011610,연무동,37.324581,127.022947,11.5661
31011620,정자3동,37.298391,126.984591,1.9073
31011630,조원2동,37.308704,127.01328,1.2556
31012520,세류1동,37.260092,127.005385,0.7863
31012530,세류2동,37.244311,127.007424,4.1521
31012540,세류3동,37.259955,127.015224,0.8772
31012550,평동,37.24584,126.980084,10.8572
31012560,서둔동,37.268598,126.981891,5.4415
31012570,구운동,37.280829,126.97042,1.941
31012600,권선1동,37.258342,127.026975,1.2192
31012610,곡선동,37.23639,127.02387,3.596
31012620,입북동,37.290333,126.948331,6.9483
31012640,권선2동,37.246053,127.024674,2.4575
31012650,금곡동,37.273623,126.944337,4.0959
31012660,호매실동,37.262497,126.95309,4.7481
31013530,지동,37.280439,127.025084,0.7927
31013540,우만1동,37.28776,127.03319,1.3044
31013550,우만2동,37.280091,127.03851,0.8064
31013560,인계동,37.268781,127.030348,2.7749
31013670,매교동,37.269277,127.015833,0.8696
31013680,매산동,37.269084,127.005723,0.8315
31013690,고등동,37.274264,127.002909,1.0133
31013700,화서1동,37.280685,127.001434,0.9546
31013710,화서2동,37.2842,126.990742,1.9525
31013720,행궁동,37.282049,127.016363,1.558
31014510,매탄1동,37.27082,127.0403,0.6009
31014520,매탄2동,37.27054,127.051426,0.6079
31014530,매탄3동,37.257209,127.050089,3.1824
31014540,매탄4동,37.266235,127.049183,0.745
31014600,원천동,37.273312,127.056875,3.2358
31014620,광교1동,37.301318,127.047703,7.9667
31014630,광교2동,37.287303,127.072683,4.142
31014640,영통1동,37.261266,127.077163,1.688
31014650,영통2동,37.247613,127.054352,1.3683
31014660,영통3동,37.251709,127.071825,1.698
31014670,망포1동,37.239219,127.058446,1.0266
31014680,망포2동,37.240596,127.047267,1.419
31021510,신흥1동,37.44089,127.140537,0.3226
31021520,신흥2동,37.449702,127.14804,1.1403
31021530,신흥3동,37.442963,127.146573,0.3212
31021540,태평1동,37.445688,127.123604,1.3411
31021550,태평2동,37.447614,127.136428,0.4823
31021560,태평3동,37.445438,127.13221,0.3711
31021570,태평4동,37.448563,127.140877,0.4043
31021580,수진1동,37.438493,127.13577,0.3332
31021590,수진2동,37.436452,127.126048,0.9239
31021600,단대동,37.455064,127.157284,0.8025
31021610,산성동,37.456577,127.15285,0.5845
31021620,양지동,37.464197,127.166338,1.2594
31021640,신촌동,37.449878,127.10502,4.9793
31021650,고등동,37.429122,127.08092,12.3129
31021660,시흥동,37.412021,127.083323,12.9393
31021670,복정동,37.458718,127.130782,3.5573
31021680,위례동,37.467798,127.146956,3.1638
31022510,성남동,37.431378,127.132772,1.9992
31022530,금광1동,37.44436,127.166223,0.6057
31022540,금광2동,37.449243,127.167849,1.0939
31022550,은행1동,37.452633,127.167386,0.2729
31022560,은행2동,37.46106,127.175038,2.4054
31022570,상대원1동,37.440225,127.180169,6.7859
31022580,상대원2동,37.435308,127.157957,0.5138
31022590,상대원3동,37.43905,127.163399,0.3057
31022600,하대원동,37.428153,127.145917,2.3376
31022610,도촌동,37.419313,127.160823,9.3919
31022620,중앙동,37.439984,127.152272,0.6787
31023510,분당동,37.36889,127.144651,3.3839
31023520,수내3동,37.364827,127.129441,1.049
31023530,수내1동,37.379042,127.11599,1.0217
31023540,수내2동,37.375012,127.123043,0.8227
31023550,정자2동,37.366529,127.118782,0.5019
31023560,정자3동,37.357589,127.123087,1.9687
31023580,서현1동,37.385575,127.149187,7.4848
31023590,서현2동,37.375342,127.137401,0.7801
31023600,이매1동,37.395316,127.133491,2.8829
31023610,이매2동,37.398916,127.12201,0.6355
31023620,야탑1동,37.413048,127.125971,1.1512
31023630,야탑3동,37.404584,127.150914,5.1046
31023640,야탑2동,37.40767,127.12755,0.6228
31023670,구미동,37.342607,127.12124,3.7551
31023680,운중동,37.381857,127.058495,17.5716
31023710,금곡동,37.363032,127.09596,5.7586
31023720,구미1동,37.352451,127.09332,3.5442
31023740,삼평동,37.401951,127.10831,2.7945
31023750,판교동,37.387848,127.092632,4.5729
31023760,백현동,37.389706,127.109812,1.9312
31023770,정자1동,37.371146,127.106788,1.4558
31023780,정자동,37.366851,127.111736,0.9739
31030520,의정부2동,37.736045,127.037011,2.32
31030550,호원1동,37.706253,127.037177,6.2226
31030560,장암동,37.707293,127.063264,8.9563
31030570,신곡1동,37.731276,127.064332,2.9553
31030580,신곡2동,37.745478,127.068048,2.4343
31030591,송산1동,37.730773,127.080874,4.4888
31030600,자금동,37.763201,127.086194,11.8446
31030640,녹양동,37.761494,127.030601,3.8243
31030650,호원2동,37.720612,127.030521,4.4929
31030670,흥선동,37.738847,127.018214,6.6276
31030680,가능동,37.754016,127.022991,3.3068
31030690,의정부1동,37.741151,127.049064,1.9425
31030700,송산2동,37.739915,127.093885,1.4486
31030710,송산3동,37.75397,127.116286,9.2988
31030721,고산동,37.72389,127.104091,11.5954
31041510,안양1동,37.399271,126.925177,0.6062
31041520,안양2동,37.408933,126.919483,1.7079
31041530,안양3동,37.398019,126.912675,0.7277
31041540,안양4동,37.396829,126.918692,0.3099
31041550,안양5동,37.392278,126.922148,0.6437
31041560,안양6동,37.386021,126.925004,1.4399
31041570,안양7동,37.389384,126.936569,1.0535
31041580,안양8동,37.380192,126.93011,1.1686
31041590,안양9동,37.378046,126.904155,6.5248
31041600,석수1동,37.428663,126.926719,10.3615
31041610,석수2동,37.419281,126.9014,3.3108
31041630,박달1동,37.404557,126.909226,0.4508
31041640,박달2동,37.39611,126.888579,7.4217
31041651,충훈동,37.407892,126.899236,0.7884
31042510,비산1동,37.407192,126.934575,2.0969
31042520,비산2동,37.396786,126.939139,0.4765
31042530,비산3동,37.420036,126.951576,5.3316
31042540,부흥동,37.393963,126.945948,0.4832
31042550,달안동,37.396049,126.950514,0.4334
31042580,부림동,37.396659,126.957924,0.947
31042590,평촌동,37.392459,126.975604,0.5326
31042600,평안동,37.390234,126.963793,0.8308
31042610,귀인동,37.384389,126.967207,0.7149
31042620,호계1동,37.372816,126.954152,1.0053
31042630,호계2동,37.382661,126.946836,1.6603
31042640,호계3동,37.367247,126.960401,0.8492
31042650,범계동,37.387694,126.953885,0.5723
31042660,신촌동,37.381151,126.957164,0.4
31042670,갈산동,37.377942,126.964877,0.7293
31042681,관양동,37.410879,126.964208,3.2373
31042691,인덕원동,37.399196,126.971377,1.6598
31051511,심곡1동,37.492369,126.78192,0.4416
31051521,심곡2동,37.486622,126.784173,0.6283
31051531,심곡3동,37.489637,126.77476,0.4065
31051541,원미2동,37.490815,126.790525,0.4271
31051551,소사동,37.485957,126.795152,0.5518
31051561,원미1동,37.496317,126.793207,1.0771
31051571,역곡1동,37.492329,126.810336,1.2342
31051581,역곡2동,37.487604,126.803865,0.9881
31051591,춘의동,37.502485,126.80246,2.9603
31051601,도당동,37.51341,126.785445,1.9901
31051611,중동,37.491162,126.767103,0.6907
31051621,상동,37.49147,126.759183,0.8567
31051631,약대동,37.513374,126.769238,0.7087
31051641,중1동,37.500739,126.765966,1.3714
31051651,중2동,37.49695,126.776336,1.0317
31051661,중3동,37.506905,126.772685,0.7764
31051671,중4동,37.508917,126.763205,0.6249
31051681,상1동,37.492989,126.751303,0.5953
31051691,상2동,37.499063,126.748509,1.7238
31051701,상3동,37.510718,126.752045,1.5248
31052511,심곡본1동,37.478212,126.775815,0.7337
31052521,심곡본동,37.47843,126.782822,0.985
31052531,송내1동,37.483917,126.756647,1.1532
31052541,송내2동,37.479786,126.768528,1.231
31052551,소사본동,37.474482,126.792779,1.9782
31052561,소사본1동,37.471446,126.800453,1.0263
31052571,범박동,37.468897,126.809028,1.1511
31052581,옥길동,37.467653,126.822314,2.9092
31052591,괴안동,37.478784,126.806633,0.6917
31052601,역곡3동,37.482631,126.815856,1.02
31053511,성곡동,37.513664,126.808135,4.5862
31053521,고강본동,37.529154,126.82088,1.5584
31053531,고강1동,37.534408,126.810662,1.9835
31053541,원종1동,37.530362,126.804088,1.3922
31053551,원종2동,37.525461,126.800732,0.6141
31053561,오정동,37.536481,126.779328,6.772
31053571,신흥동,37.52303,126.771703,3.1567
31060510,광명1동,37.487051,126.861445,0.34
31060520,광명2동,37.482772,126.857711,0.2337
31060530,광명3동,37.480124,126.85629,0.319
31060540,광명4동,37.477662,126.854799,0.2889
31060550,광명5동,37.477076,126.848693,0.3944
31060560,광명6동,37.467265,126.838893,2.4433
31060570,광명7동,37.465436,126.85121,2.3107
31060580,철산1동,37.488941,126.869601,0.568
31060590,철산2동,37.483371,126.866769,0.609
31060600,철산3동,37.4754,126.871052,1.3318
31060610,철산4동,37.472571,126.863283,0.3347
31060620,하안1동,37.457475,126.866491,3.9017
31060630,하안2동,37.464713,126.874305,0.4412
31060640,하안3동,37.459884,126.882331,0.576
31060650,하안4동,37.467037,126.879646,0.4305
31060660,소하1동,37.444735,126.887321,3.752
31060680,학온동,37.42956,126.855107,12.9034
31060690,소하2동,37.434987,126.876613,3.8964
31060700,일직동,37.419899,126.882595,3.4473
31070110,팽성읍,36.961334,127.036869,56.798
31070120,안중읍,36.990908,126.936614,28.5705
31070130,포승읍,36.987491,126.85786,61.9034
31070140,청북읍,37.044819,126.934062,52.4448
31070310,진위면,37.108054,127.088103,33.9417
31070320,서탄면,37.102212,127.02149,28.5329
31070330,고덕면,37.035067,127.023463,22.1669
31070340,오성면,37.003406,126.991269,32.4845
31070370,현덕면,36.944675,126.932118,46.3649
31070510,중앙동,37.053726,127.065012,5.338
31070520,서정동,37.069821,127.05543,1.6709
31070530,송탄동,37.046288,127.095249,19.5383
31070550,지산동,37.076354,127.059415,0.6978
31070560,송북동,37.079075,127.077809,7.1262
31070570,신장1동,37.087743,127.05024,1.5872
31070580,신장2동,37.076833,127.050397,0.6319
31070590,신평동,36.98164,127.10632,6.4123
31070600,원평동,36.992584,127.071594,5.239
31070610,통복동,36.999915,127.087091,0.6084
31070640,세교동,37.013057,127.073044,7.078
31070650,비전2동,36.990662,127.119789,4.7628
31070660,용이동,37.001012,127.140361,2.6233
31070670,비전1동,37.015001,127.123774,12.9951
31070680,동삭동,37.016938,127.098356,3.0245
31070690,고덕동,37.043904,127.039302,16.5963
31080510,생연1동,37.909081,127.066893,1.9727
31080520,생연2동,37.900153,127.051306,0.7508
31080530,중앙동,37.908372,127.054527,0.648
31080550,보산동,37.925258,127.088555,13.7181
31080560,불현동,37.892545,127.108608,33.7878
31080580,소요동,37.947739,127.056214,31.3813
31080600,상패동,37.909115,127.031524,8.0734
31080610,송내동,37.880719,127.065061,5.5151
31091510,일동,37.313194,126.870124,2.4516
31091540,본오1동,37.28607,126.871855,6.4801
31091550,본오2동,37.294721,126.869984,0.8338
31091560,본오3동,37.300268,126.867367,1.0792
31091570,부곡동,37.33471,126.869055,5.6966
31091580,월피동,37.34486,126.847655,6.0684
31091620,성포동,37.321957,126.848944,1.7029
31091710,반월동,37.303091,126.906297,13.2484
31091730,안산동,37.358507,126.876693,8.368
31091740,이동,37.309821,126.855414,2.368
31091760,사동,37.299227,126.850833,2.2428
31091770,사이동,37.28425,126.845018,3.0095
31091780,해양동,37.292815,126.83187,4.8027
31092590,와동,37.339804,126.826907,3.2189
31092660,초지동,37.309933,126.77438,25.8416
31092680,선부1동,37.33225,126.807936,0.8429
31092690,선부2동,37.345226,126.801059,3.0882
31092700,선부3동,37.352279,126.822709,4.81
31092720,대부동,37.238494,126.588729,60.8746
31092730,호수동,37.310413,126.831195,2.6437
31092740,고잔동,37.32487,126.825658,1.4588
31092750,중앙동,37.32544,126.836018,1.9967
31092760,원곡동,37.331321,126.792827,1.3194
31092770,신길동,37.331254,126.769229,6.8361
31092780,백운동,37.324142,126.799411,1.4646
31101510,주교동,37.661685,126.827827,5.5167
31101511,흥도동,37.632925,126.860895,9.2192
31101512,삼송1동,37.663241,126.906818,6.2806
31101513,삼송2동,37.651918,126.87467,2.5203
31101514,행신3동,37.625274,126.839575,0.5818
31101515,행신4동,37.619567,126.848294,1.3769
31101520,원신동,37.671487,126.864681,12.8854
31101540,성사1동,37.659696,126.845372,2.3073
31101550,성사2동,37.650135,126.84031,0.9929
31101560,효자동,37.662911,126.958742,25.7545
31101580,창릉동,37.631105,126.892185,11.2833
31101590,고양동,37.709302,126.904203,23.8814
31101600,관산동,37.709733,126.863718,16.4025
31101610,능곡동,37.627718,126.799875,12.5025
31101620,화정1동,37.641923,126.833079,2.2647
31101630,화정2동,37.632156,126.83652,1.9823
31101640,행주동,37.607501,126.819787,6.3881
31101650,행신1동,37.621277,126.833811,0.6673
31101660,행신2동,37.607306,126.841004,4.3082
31101670,화전동,37.603593,126.883564,7.2696
31101680,대덕동,37.589554,126.856119,10.7608
31103510,식사동,37.678874,126.816134,6.8451
31103511,중산1동,37.691001,126.782851,1.3873
31103512,중산2동,37.681125,126.786714,1.4461
31103530,정발산동,37.670413,126.777907,1.5464
31103540,풍산동,37.662219,126.801367,5.6809
31103550,백석1동,37.647541,126.792434,1.7557
31103560,마두1동,37.660717,126.783695,2.2111
31103570,마두2동,37.653367,126.782203,0.6222
31103580,장항1동,37.643609,126.761111,10.2237
31103590,장항2동,37.655723,126.768892,2.4073
31103600,고봉동,37.706745,126.813841,25.0275
31103610,백석2동,37.642251,126.784388,0.7888
31104510,일산1동,37.687847,126.767939,0.6441
31104511,탄현1동,37.694241,126.766347,0.9121
31104512,탄현2동,37.700291,126.770602,1.2672
31104513,덕이동,37.695849,126.743654,5.5345
31104514,가좌동,37.685787,126.698712,12.5287
31104520,일산2동,37.685683,126.774613,0.8149
31104530,일산3동,37.679147,126.767825,1.1416
31104550,주엽1동,37.669659,126.765689,0.9346
31104560,주엽2동,37.67279,126.758389,0.997
31104570,대화동,37.676461,126.74846,3.7684
31104580,송포동,37.66717,126.722884,12.7498
31110510,중앙동,37.435951,126.979295,6.9834
31110521,갈현동,37.410578,126.984185,2.2907
31110522,원문동,37.421359,126.976871,2.2092
31110530,별양동,37.427593,126.995572,0.6496
31110540,부림동,37.43504,126.998781,0.4058
31110550,과천동,37.450817,127.008544,10.7696
31110560,문원동,37.424827,127.019136,12.5124
31120510,갈매동,37.631624,127.11809,3.9698
31120520,동구동,37.62464,127.136691,7.3041
31120530,인창동,37.608272,127.128026,2.2127
31120540,교문1동,37.580132,127.118158,10.0238
31120550,교문2동,37.585899,127.133831,1.169
31120560,수택1동,37.597787,127.149593,1.1913
31120570,수택2동,37.594225,127.143459,0.6298
31120580,수택3동,37.580699,127.14879,6.6675
31130110,와부읍,37.594083,127.247134,50.0523
31130111,화도읍,37.652822,127.315956,71.5379
31130120,진접읍,37.725535,127.193678,66.1279
31130140,진건읍,37.657912,127.185123,31.2148
31130150,오남읍,37.693817,127.23147,25.2839
31130160,퇴계원읍,37.653477,127.143241,3.2845
31130310,별내면,37.709888,127.126233,22.2744
31130340,수동면,37.726349,127.304085,72.8454
31130350,조안면,37.566778,127.299057,50.9418
31130510,호평동,37.663816,127.249509,9.2085
31130520,평내동,37.646424,127.235135,7.3345
31130530,금곡동,37.632051,127.212182,6.9847
31130540,양정동,37.610901,127.191582,12.4081
31130570,별내동,37.666271,127.114546,18.6874
31130580,다산1동,37.618785,127.156667,5.5854
31130590,다산2동,37.597505,127.169062,5.5526
31140510,중앙동,37.153679,127.084005,3.6785
31140530,남촌동,37.157212,127.049039,5.7702
31140550,세마동,37.18425,127.02972,13.717
31140560,초평동,37.14292,127.045645,6.477
31140571,신장1동,37.172094,127.050954,3.3253
31140572,신장2동,37.173634,127.065211,3.6142
31140581,대원1동,37.137558,127.07205,2.6581
31140582,대원2동,37.138758,127.087099,3.3898
31150510,대야동,37.453495,126.799753,9.3815
31150520,신천동,37.438699,126.780064,3.4396
31150530,신현동,37.412902,126.774921,12.7578
31150540,은행동,37.432474,126.807982,6.4079
31150550,매화동,37.40631,126.823899,11.1731
31150560,목감동,37.380265,126.853118,17.6145
31150590,과림동,37.432323,126.834936,7.6249
31150611,정왕2동,37.340786,126.721597,4.8253
31150620,정왕3동,37.345399,126.706218,6.095
31150640,정왕본동,37.357962,126.752165,8.2779
31150650,정왕1동,37.332822,126.734712,6.6553
31150670,능곡동,37.365154,126.808773,4.3314
31150680,군자동,37.356714,126.779864,8.1459
31150690,월곶동,37.383823,126.758321,8.5489
31150700,연성동,37.389475,126.806198,9.2485
31150710,장곡동,37.381609,126.785165,4.111
31150720,정왕4동,37.362611,126.731322,1.028
31150740,배곧1동,37.376793,126.730389,2.5883
31150750,배곧2동,37.363126,126.71631,2.4279
31150760,거북섬동,37.321983,126.693262,6.8533
31160510,군포1동,37.354024,126.95216,3.3026
31160520,군포2동,37.341405,126.938978,3.278
31160540,산본1동,37.373006,126.939946,0.6892
31160550,산본2동,37.371949,126.929759,1.4049
31160560,금정동,37.365937,126.945345,1.1899
31160570,재궁동,37.358572,126.937269,0.8524
31160580,오금동,37.348945,126.929413,1.0879
31160590,수리동,37.351773,126.916679,2.9913
31160600,궁내동,37.364749,126.916908,1.6888
31160610,광정동,37.365946,126.92573,1.489
31160630,대야동,37.335157,126.900037,12.8499
31160640,송부동,37.321509,126.929175,5.5531
31170510,고천동,37.343052,126.986299,8.8733
31170520,부곡동,37.319834,126.952652,11.2088
31170530,오전동,37.359196,126.983776,6.7384
31170540,내손1동,37.376825,126.977163,1.9947
31170550,내손2동,37.38622,126.982605,1.4097
31170560,청계동,37.388121,127.011535,23.6382
31180510,천현동,37.512321,127.238268,34.5096
31180520,신장1동,37.53901,127.207244,0.2074
31180530,신장2동,37.548851,127.22152,4.3353
31180540,덕풍1동,37.535146,127.198031,0.9382
31180550,덕풍2동,37.54132,127.199276,0.486
31180560,덕풍3동,37.551118,127.204702,2.1689
31180590,춘궁동,37.506585,127.194223,14.493
31180600,초이동,37.534308,127.173543,6.1484
31180611,미사3동,37.550374,127.190071,2.6767
31180620,미사1동,37.567653,127.20446,6.6483
31180630,미사2동,37.579895,127.187794,5.1423
31180650,위례동,37.479726,127.161923,4.7742
31180660,감북동,37.518987,127.162852,4.5065
31180670,감일동,37.502974,127.161983,5.7269
31191110,포곡읍,37.290496,127.217547,41.7504
31191120,모현읍,37.326429,127.218137,50.2489
31191130,이동읍,37.164729,127.211167,75.8544
31191140,남사읍,37.132695,127.156679,58.739
31191340,원삼면,37.163263,127.313345,59.9406
31191350,백암면,37.143765,127.379808,65.6621
31191360,양지면,37.241922,127.288666,57.6467
31191510,중앙동,37.225036,127.200664,7.9667
31191530,유림동,37.253575,127.21243,13.6542
31191540,동부동,37.203844,127.251429,23.5567
31191550,역북동,37.241217,127.186462,6.041
31191560,삼가동,37.240216,127.165645,6.4365
31192520,구갈동,37.277429,127.123026,4.243
31192540,기흥동,37.231004,127.114109,11.7332
31192550,서농동,37.232744,127.079132,4.2326
31192560,구성동,37.29536,127.141265,6.9075
31192570,마북동,37.306664,127.127496,5.3769
31192590,보정동,37.309334,127.107159,6.8034
31192600,상하동,37.261582,127.143559,5.5144
31192610,신갈동,37.283079,127.101388,4.8467
31192630,영덕1동,37.274794,127.080277,3.6173
31192640,영덕2동,37.253244,127.09132,5.9092
31192650,상갈동,37.265507,127.110887,2.0052
31192660,보라동,37.245007,127.131073,10.1493
31192670,동백1동,37.285763,127.164255,4.0115
31192680,동백2동,37.266776,127.161787,4.6612
31192690,동백3동,37.277095,127.147256,1.6862
31193510,풍덕천1동,37.328066,127.09328,1.9036
31193520,풍덕천2동,37.318506,127.091002,1.4815
31193530,신봉동,37.332387,127.057577,6.6589
31193550,죽전2동,37.330205,127.107614,1.1062
31193560,동천동,37.350146,127.057441,16.6092
31193580,상현2동,37.305268,127.087491,1.5653
31193590,성복동,37.319278,127.060755,4.9767
31193600,죽전1동,37.332999,127.129441,2.3513
31193610,죽전3동,37.325146,127.125022,2.0815
31193620,상현1동,37.30669,127.079643,0.672
31193630,상현3동,37.302326,127.069427,2.7008
31200110,문산읍,37.874193,126.780409,47.7997
31200120,파주읍,37.828533,126.814921,32.119
31200130,법원읍,37.867118,126.892955,71.5692
31200150,조리읍,37.750829,126.823103,27.3962
31200310,월롱면,37.797181,126.789009,27.1586
31200320,탄현면,37.802228,126.70584,61.6975
31200350,광탄면,37.776708,126.882988,65.6771
31200360,파평면,37.914332,126.851362,42.0918
31200370,적성면,37.95825,126.931051,88.9397
31200390,장단면,37.921343,126.741855,144.4268
31200511,교하동,37.732529,126.709246,28.4431
31200512,운정1동,37.731666,126.75866,5.2639
31200513,운정3동,37.710857,126.746165,3.8807
31200514,운정4동,37.724179,126.775982,6.4208
31200515,운정5동,37.729132,126.718994,5.5096
31200516,운정6동,37.714767,126.722231,2.9671
31200520,금촌2동,37.750906,126.776625,2.7565
31200530,금촌1동,37.760886,126.782369,4.5073
31200540,금촌3동,37.779911,126.748214,16.9597
31200570,운정2동,37.726688,126.740239,3.1874
31210110,장호원읍,37.134738,127.5964,60.4211
31210120,부발읍,37.273121,127.506974,41.9341
31210310,신둔면,37.313644,127.410382,36.4313
31210320,백사면,37.325582,127.482547,32.5317
31210330,호법면,37.215201,127.411991,37.9365
31210340,마장면,37.24968,127.370854,51.4449
31210350,대월면,37.212901,127.497746,31.3775
31210360,모가면,37.170729,127.456747,41.068
31210370,설성면,37.139538,127.523119,51.7533
31210380,율면,37.075676,127.546953,36.7704
31210510,창전동,37.283461,127.445227,1.134
31210520,중리동,37.243075,127.450719,22.0116
31210530,관고동,37.28764,127.421666,7.7578
31210540,증포동,37.289702,127.454528,8.9296
31220110,공도읍,36.994707,127.17361,31.9072
31220310,보개면,37.056071,127.313811,53.011
31220320,금광면,36.981652,127.3443,71.3882
31220330,서운면,36.936748,127.2672,36.3341
31220340,미양면,36.969485,127.223366,33.5759
31220350,대덕면,37.034476,127.238503,31.0332
31220360,양성면,37.081911,127.220009,53.1182
31220380,원곡면,37.055963,127.147126,38.0847
31220390,일죽면,37.098347,127.468738,55.4123
31220400,죽산면,37.048663,127.421844,57.1913
31220410,삼죽면,37.06792,127.366612,39.1991
31220420,고삼면,37.092325,127.271553,27.7511
31220510,안성1동,37.004293,127.283123,6.5318
31220520,안성2동,36.992117,127.267139,10.1215
31220530,안성3동,37.02697,127.263992,8.2377
31230110,통진읍,37.696013,126.599613,29.392
31230120,고촌읍,37.606499,126.762901,24.9323
31230130,양촌읍,37.641739,126.624954,36.3813
31230340,대곶면,37.646403,126.571499,43.176
31230350,월곶면,37.736426,126.554322,51.9509
31230360,하성면,37.736655,126.64133,56.2263
31230530,사우동,37.619158,126.726027,3.2942
31230540,풍무동,37.606229,126.722366,4.4238
31230560,장기동,37.637089,126.678772,3.6882
31230600,운양동,37.656062,126.685384,7.933
31230610,김포본동,37.635074,126.711109,11.7512
31230620,장기본동,37.647955,126.663317,2.5287
31230630,구래동,37.645222,126.627481,2.1189
31230640,마산동,37.63912,126.641564,3.032
31240120,봉담읍,37.20392,126.939231,42.7599
31240130,우정읍,37.089387,126.775272,91.2936
31240140,향남읍,37.114575,126.927117,49.9671
31240150,남양읍,37.204054,126.817404,74.3439
31240310,매송면,37.263678,126.906379,27.4886
31240330,비봉면,37.232102,126.871599,38.7094
31240350,마도면,37.190631,126.763556,34.2583
31240360,송산면,37.245411,126.719786,108.6191
31240370,서신면,37.160385,126.694961,48.9818
31240380,팔탄면,37.153668,126.88212,50.8839
31240390,장안면,37.074366,126.840775,68.0451
31240420,양감면,37.088258,126.959924,31.0417
31240430,정남면,37.161804,126.986135,40.6124
31240520,진안동,37.219689,127.038228,6.9756
31240530,병점1동,37.203362,127.034975,1.517
31240540,병점2동,37.210344,127.046009,0.9949
31240550,반월동,37.226823,127.060648,3.9677
31240560,기배동,37.223861,126.98874,4.246
31240570,화산동,37.207546,127.005288,11.5984
31240600,동탄2동,37.192387,127.074756,2.3842
31240610,동탄1동,37.210199,127.074003,4.8565
31240620,동탄3동,37.208541,127.056693,1.8677
31240640,동탄4동,37.19565,127.11191,4.2422
31240650,동탄5동,37.209375,127.123343,11.392
31240670,새솔동,37.282222,126.819388,3.1278
31240691,동탄7동,37.171016,127.112331,4.7249
31240700,동탄6동,37.181983,127.088599,9.4942
31240710,동탄8동,37.155037,127.111796,6.5427
31240720,동탄9동,37.183762,127.138833,10.0064
31250120,초월읍,37.396877,127.311133,55.7769
31250140,곤지암읍,37.363954,127.38249,76.1526
31250340,도척면,37.308083,127.315468,52.1282
31250350,퇴촌면,37.454138,127.340062,60.2185
31250360,남종면,37.502841,127.320654,48.3418
31250380,남한산성면,37.459541,127.234117,33.5878
31250511,오포1동,37.359849,127.213119,15.9714
31250512,오포2동,37.367913,127.260996,15.0756
31250513,신현동,37.364425,127.16152,8.1146
31250514,능평동,37.35059,127.167673,7.6347
31250540,경안동,37.405388,127.252682,3.19
31250550,송정동,37.425083,127.262572,5.0851
31250560,쌍령동,37.402548,127.271016,3.3249
31250570,탄벌동,37.430874,127.226982,16.7917
31250580,광남1동,37.398306,127.204961,25.9739
31250590,광남2동,37.384101,127.228144,2.28
31260110,백석읍,37.788915,126.97763,41.1083
31260310,은현면,37.869266,127.023977,34.5766
31260320,남면,37.896009,126.979819,36.4386
31260330,광적면,37.830048,126.952981,48.4171
31260340,장흥면,37.717346,126.963492,63.8701
31260510,양주1동,37.785658,127.034602,23.6576
31260520,양주2동,37.792579,127.086898,19.0848
31260530,회천1동,37.856866,127.075013,10.5445
31260540,회천2동,37.825252,127.047416,11.1703
31260550,회천3동,37.825896,127.070401,3.568
31260561,옥정1동,37.836949,127.1009,13.5412
31260571,옥정2동,37.817831,127.088049,4.2733
31270110,소흘읍,37.794309,127.14905,46.0745
31270310,군내면,37.877313,127.22957,36.1593
31270320,내촌면,37.797616,127.235357,52.6607
31270330,가산면,37.833905,127.201071,35.7476
31270340,신북면,37.944917,127.171237,95.5752
31270350,창수면,38.022924,127.176974,71.4506
31270360,영중면,38.002699,127.251936,61.1279
31270370,일동면,37.964295,127.324294,83.2022
31270380,이동면,38.051937,127.385387,112.6942
31270390,영북면,38.073825,127.284883,81.7838
31270400,관인면,38.129111,127.225144,70.0049
31270410,화현면,37.898068,127.285282,43.4727
31270510,포천동,37.894294,127.181988,11.3323
31270520,선단동,37.861394,127.146845,23.8722
31280110,가남읍,37.209195,127.580174,75.0848
31280310,점동면,37.191142,127.683923,71.6843
31280330,흥천면,37.345327,127.533446,44.0589
31280340,금사면,37.396503,127.497662,41.6665
31280350,산북면,37.409257,127.442032,32.5975
31280360,대신면,37.377611,127.602488,75.7518
31280370,북내면,37.356301,127.689156,65.5955
31280380,강천면,37.28847,127.726448,74.2152
31280390,세종대왕면,37.294128,127.57787,52.9337
31280510,여흥동,37.255881,127.65045,38.7005
31280520,중앙동,37.274449,127.618141,17.7698
31280530,오학동,37.316505,127.649069,16.8123
31550110,연천읍,38.100267,127.114691,87.7218
31550120,전곡읍,37.994436,127.037222,55.1134
31550310,군남면,38.074947,127.037901,45.5235
31550320,청산면,38.010795,127.102107,43.6649
31550330,백학면,38.029198,126.900065,68.9854
31550340,미산면,38.036293,126.976976,41.4531
31550350,왕징면,38.0971,126.943255,84.9321
31550360,신서면,38.198775,127.105856,149.6056
31550370,중면,38.166591,127.005953,83.4284
31550380,장남면,37.994045,126.851313,35.9535
31570110,가평읍,37.828869,127.487484,144.9979
31570310,설악면,37.653344,127.499134,140.9143
31570320,청평면,37.729764,127.429344,112.014
31570330,상면,37.790764,127.337741,99.8574
31570350,북면,37.944534,127.494111,229.6678
31570360,조종면,37.867136,127.371752,112.6191
31580110,양평읍,37.493547,127.514064,42.3008
31580310,강상면,37.461072,127.467655,37.8753
31580320,강하면,37.468118,127.411749,41.1302
31580330,양서면,37.541279,127.380258,59.5953
31580340,옥천면,37.551783,127.486513,66.2683
31580350,서종면,37.609307,127.406323,92.7319
31580360,단월면,37.582845,127.635803,107.6062
31580370,청운면,37.548203,127.752189,96.3734
31580380,양동면,37.442827,127.742214,120.0783
31580390,지평면,37.448669,127.65144,77.6217
31580400,용문면,37.519752,127.588286,102.249
31580410,개군면,37.439877,127.549475,32.2587
32010110,신북읍,37.960079,127.753633,57.0267
32010310,동면,37.889102,127.844671,134.0269
32010320,동산면,37.772914,127.782443,80.5929
32010330,신동면,37.809121,127.705525,48.0597
32010340,동내면,37.837055,127.784395,36.572
32010350,남면,37.73843,127.597874,73.1605
32010360,남산면,37.779238,127.621331,123.896
32010370,서면,37.898184,127.643521,141.9284
32010380,사북면,38.010464,127.643623,152.2064
32010390,북산면,37.969356,127.909255,213.8578
32010520,교동,37.882452,127.736802,0.5389
32010530,조운동,37.878079,127.731612,0.3233
32010540,약사명동,37.875352,127.724615,0.5305
32010570,근화동,37.888132,127.708154,9.6378
32010580,소양동,37.883762,127.7267,1.2402
32010600,후평1동,37.888382,127.744984,2.0301
32010610,후평2동,37.875982,127.748402,0.7205
32010620,후평3동,37.876127,127.755946,1.0588
32010630,효자1동,37.871612,127.728276,0.4571
32010640,효자2동,37.868855,127.739357,1.875
32010650,효자3동,37.876356,127.741374,0.4344
32010660,석사동,37.858383,127.750773,3.8765
32010670,퇴계동,37.853952,127.731501,4.1733
32010680,강남동,37.857202,127.698498,14.7785
32010710,신사우동,37.917843,127.72992,11.6264
32020110,문막읍,37.291415,127.816413,103.7791
32020310,소초면,37.406907,128.017435,102.3515
32020320,호저면,37.429022,127.911071,76.4736
32020330,지정면,37.38111,127.832941,89.9061
32020340,부론면,37.205387,127.788859,82.6224
32020350,귀래면,37.195712,127.880753,71.5623
32020360,흥업면,37.285888,127.896736,59.2047
32020370,판부면,37.281251,127.989647,68.0292
32020380,신림면,37.249447,128.107109,127.6964
32020510,중앙동,37.360901,127.947497,2.0366
32020520,원인동,37.344468,127.948537,0.4704
32020530,개운동,37.338305,127.956031,1.048
32020540,명륜1동,37.339124,127.947009,0.9238
32020550,명륜2동,37.330404,127.940854,0.9413
32020560,단구동,37.323786,127.955161,3.8958
32020570,일산동,37.348254,127.943089,0.8005
32020580,학성동,37.355005,127.940118,0.5913
32020600,단계동,37.352555,127.927656,3.6602
32020610,우산동,37.378594,127.930741,7.3451
32020620,태장1동,37.364439,127.963351,4.0763
32020630,태장2동,37.388935,127.951504,7.9635
32020640,봉산동,37.356164,127.978252,7.2418
32020660,행구동,37.342687,128.009019,13.5656
32020670,무실동,37.328037,127.921321,9.0918
32020680,반곡관설동,37.315698,127.988527,20.9977
32030110,주문진읍,37.886724,128.762507,60.4415
32030310,성산면,37.731507,128.80305,80.0883
32030320,왕산면,37.603055,128.798087,245.5514
32030330,구정면,37.698511,128.885036,42.763
32030340,강동면,37.679377,128.968875,112.3583
32030350,옥계면,37.592395,128.981642,148.8901
32030360,사천면,37.799963,128.806711,71.0479
32030370,연곡면,37.828127,128.69467,202.4546
32030510,홍제동,37.751075,128.87075,3.8588
32030520,중앙동,37.752883,128.894606,0.985
32030540,옥천동,37.758601,128.901569,0.5788
32030550,교1동,37.764688,128.883228,3.0394
32030560,교2동,37.771141,128.894678,2.2524
32030570,포남1동,37.766177,128.908851,1.2846
32030580,포남2동,37.778117,128.907518,2.5725
32030590,초당동,37.79032,128.915643,2.4375
32030600,송정동,37.776285,128.931122,3.6492
32030610,내곡동,37.737759,128.875439,4.9615
32030620,강남동,37.73231,128.916414,16.02
32030650,성덕동,37.756673,128.933009,11.5665
32030670,경포동,37.788947,128.873234,23.7477
32040510,천곡동,37.52345,129.098991,10.4082
32040520,송정동,37.498761,129.125687,4.669
32040530,북삼동,37.490572,129.086851,17.5086
32040540,부곡동,37.536358,129.081187,5.1808
32040550,동호동,37.547879,129.089258,2.8453
32040570,발한동,37.546264,129.10809,1.1441
32040590,묵호동,37.564794,129.11308,3.4701
32040600,북평동,37.471884,129.116828,19.4859
32040630,망상동,37.570782,129.076566,26.0787
32040650,삼화동,37.492021,129.016909,90.5348
32050510,황지동,37.170074,128.995779,3.3187
32050520,황연동,37.167935,129.024988,38.7401
32050530,삼수동,37.249129,128.964122,111.4843
32050540,상장동,37.155327,128.967118,17.6495
32050550,구문소동,37.093283,129.042922,27.2205
32050560,장성동,37.094588,128.982054,12.0231
32050580,철암동,37.125172,129.058737,21.1224
32050620,문곡소도동,37.116453,128.935708,71.6604
32060510,영랑동,38.214333,128.560756,7.7017
32060520,동명동,38.21121,128.592034,0.8133
32060540,금호동,38.209252,128.58162,1.4374
32060560,교동,38.203846,128.580965,0.7537
32060570,노학동,38.191557,128.533712,22.2641
32060580,조양동,38.184527,128.580087,5.5974
32060590,청호동,38.193495,128.599004,1.1514
32060600,대포동,38.163981,128.500929,66.1205
32070110,도계읍,37.230667,129.072011,163.7562
32070120,원덕읍,37.182629,129.278103,178.4389
32070310,근덕면,37.318698,129.237109,134.7433
32070320,하장면,37.355241,128.929092,206.3631
32070330,노곡면,37.293634,129.159387,144.2233
32070340,미로면,37.405051,129.066918,99.0845
32070350,가곡면,37.124033,129.168564,152.1341
32070360,신기면,37.330245,129.059445,56.1535
32070510,남양동,37.410749,129.164511,18.1731
32070520,성내동,37.439084,129.126436,22.603
32070530,교동,37.458052,129.161314,9.6361
32070540,정라동,37.439791,129.181916,3.0699
32510110,홍천읍,37.664251,127.874018,107.031
32510310,화촌면,37.768667,127.982281,210.0199
32510320,두촌면,37.871165,128.031926,140.0498
32510330,내촌면,37.811982,128.112563,146.353
32510340,서석면,37.713838,128.211512,225.3664
32510360,남면,37.614425,127.785572,120.0553
32510370,서면,37.667252,127.635084,123.8974
32510380,북방면,37.731904,127.812991,145.8017
32510390,내면,37.794718,128.408362,448.0367
32510400,영귀미면,37.663458,127.993041,149.5476
32520110,횡성읍,37.490651,127.995883,72.3282
32520310,우천면,37.474498,128.095157,94.7424
32520320,안흥면,37.423622,128.182448,96.5703
32520330,둔내면,37.523579,128.235054,127.6766
32520340,갑천면,37.568813,128.090121,123.6484
32520350,청일면,37.607211,128.172445,133.829
32520360,공근면,37.56976,127.960022,129.0477
32520370,서원면,37.491209,127.84767,123.4462
32520380,강림면,37.349417,128.107424,95.8351
32530110,영월읍,37.202009,128.510868,172.0051
32530120,상동읍,37.116667,128.819519,139.6425
32530330,북면,37.272199,128.432982,110.8377
32530340,남면,37.165614,128.384286,82.2105
32530360,주천면,37.280932,128.282554,102.4582
32530380,김삿갓면,37.103361,128.635291,171.0814
32530390,한반도면,37.225876,128.342284,69.6851
32530400,무릉도원면,37.333839,128.220623,153.7814
32530410,산솔면,37.170315,128.693292,124.2765
32540110,평창읍,37.371696,128.391384,161.3388
32540310,미탄면,37.339797,128.51832,110.0003
32540320,방림면,37.452202,128.326405,120.7264
32540330,대화면,37.498065,128.447333,166.2544
32540340,봉평면,37.612296,128.346724,217.1174
32540350,용평면,37.631099,128.452513,134.9432
32540360,진부면,37.632672,128.563137,332.1929
32540370,대관령면,37.687906,128.675288,220.1927
32550110,정선읍,37.380397,128.622829,214.2763
32550120,고한읍,37.192242,128.870647,52.7912
32550130,사북읍,37.233922,128.823035,46.68
32550140,신동읍,37.23784,128.647996,118.8746
32550320,남면,37.280232,128.729195,130.6391
32550340,북평면,37.478641,128.634795,140.224
32550350,임계면,37.47344,128.873512,243.6437
32550360,화암면,37.329332,128.807805,135.5069
32550370,여량면,37.491817,128.729547,135.9321
32560110,철원읍,38.265867,127.171482,99.7052
32560120,김화읍,38.268594,127.410041,87.9538
32560130,갈말읍,38.197367,127.329301,171.8815
32560140,동송읍,38.241856,127.249731,127.4018
32560210,근북면,38.313408,127.401603,24.018
32560260,근동면,38.303667,127.540228,20.0457
32560270,원동면,38.309831,127.751689,61.2737
32560280,원남면,38.294037,127.644628,79.1082
32560290,임남면,38.298935,127.852307,14.574
32560310,서면,38.177794,127.421487,74.6289
32560320,근남면,38.220969,127.502654,129.1108
32570110,화천읍,38.185487,127.782529,291.6713
32570310,간동면,38.063652,127.81827,127.8022
32570320,하남면,38.081605,127.654014,118.4216
32570330,상서면,38.194566,127.615921,218.9004
32570340,사내면,38.073414,127.508247,150.0493
32580110,양구읍,38.114228,127.952858,173.3705
32580320,동면,38.236833,128.055161,117.873
32580330,방산면,38.238062,127.930444,172.7852
32580340,해안면,38.284278,128.125758,61.734
32580350,국토정중앙면,38.08328,128.049956,134.9992
32590110,인제읍,38.065994,128.248119,315.4614
32590310,남면,37.975061,128.106665,242.413
32590320,북면,38.166158,128.315236,346.8699
32590330,기린면,37.964286,128.389234,274.4775
32590340,서화면,38.276927,128.223545,263.7829
32590350,상남면,37.883947,128.266787,196.8347
32600110,간성읍,38.332875,128.391892,180.3947
32600120,거진읍,38.430706,128.408408,76.5594
32600260,수동면,38.438702,128.30773,141.9567
32600310,현내면,38.524944,128.379114,90.5206
32600320,죽왕면,38.32368,128.489584,50.823
32600330,토성면,38.249617,128.492936,120.9489
32610110,양양읍,38.091687,128.601063,32.5893
32610310,서면,38.010952,128.525047,267.5072
32610320,손양면,38.047621,128.652716,47.7566
32610330,현북면,37.950505,128.646322,165.0447
32610340,현남면,37.939105,128.738763,65.0337
32610350,강현면,38.129326,128.56083,52.9405
33020110,주덕읍,36.986224,127.783158,48.1758
33020310,살미면,36.912716,127.995722,90.2434
33020320,수안보면,36.84425,128.026282,73.0287
33020340,신니면,36.99882,127.710363,59.6339
33020350,노은면,37.052128,127.750446,61.6255
33020360,앙성면,37.122231,127.754808,100.3065
33020380,금가면,37.03153,127.895464,33.6017
33020390,동량면,37.015154,128.020648,109.5542
33020400,산척면,37.083736,128.004814,78.3299
33020410,엄정면,37.118334,127.925389,56.453
33020420,소태면,37.122255,127.85377,62.9934
33020430,대소원면,36.949516,127.852326,62.0989
33020440,중앙탑면,37.037085,127.851096,47.5985
33020510,성내·충인동,36.971269,127.933606,0.5003
33020530,교현·안림동,36.976098,127.980439,27.6339
33020540,교현2동,36.97937,127.929284,0.8718
33020550,용산동,36.960847,127.945302,1.5673
33020560,지현동,36.963539,127.932011,0.5531
33020570,문화동,36.969273,127.923227,1.0222
33020580,호암·직동,36.947027,127.949842,14.2261
33020600,달천동,36.943787,127.900261,22.84
33020610,봉방동,36.97589,127.904526,3.6346
33020620,칠금·금릉동,36.990149,127.914162,5.7848
33020630,연수동,36.990536,127.944514,5.0776
33020640,목행·용탄동,37.008674,127.946229,13.4626
33030110,봉양읍,37.148444,128.115257,143.3009
33030310,금성면,37.063399,128.18441,68.6031
33030320,청풍면,37.009325,128.144583,92.1616
33030330,수산면,36.948766,128.208552,88.8184
33030340,덕산면,36.87554,128.164721,111.5117
33030350,한수면,36.903009,128.087358,74.3599
33030360,백운면,37.180596,127.995757,134.3802
33030370,송학면,37.202215,128.244371,73.0091
33030510,교동,37.147431,128.227513,3.7411
33030560,용두동,37.156959,128.180194,16.8705
33030590,청전동,37.150402,128.209275,2.7713
33030600,화산동,37.110171,128.201271,12.9972
33030700,남현동,37.132998,128.218204,0.8568
33030710,영서동,37.126975,128.178334,10.8238
33030720,신백동,37.12056,128.263029,34.5472
33030730,의림지동,37.172737,128.216637,12.2624
33030740,중앙동,37.139534,128.209184,0.9752
33041310,낭성면,36.629998,127.597147,59.3027
33041320,미원면,36.653195,127.676907,129.0147
33041330,가덕면,36.562046,127.56207,49.7502
33041340,남일면,36.57505,127.520597,35.0184
33041350,문의면,36.491001,127.510724,92.9574
33041510,중앙동,36.642447,127.493968,1.7764
33041520,성안동,36.631039,127.489388,1.1577
33041530,탑·대성동,36.631746,127.497908,0.7833
33041540,영운동,36.619168,127.500145,0.8062
33041550,금천동,36.626397,127.50593,1.479
33041560,용담·명암·산성동,36.651358,127.526597,8.5039
33041570,용암1동,36.627192,127.523322,8.9445
33041580,용암2동,36.614945,127.530882,13.5346
33042310,남이면,36.566518,127.428562,56.4792
33042320,현도면,36.489252,127.434432,43.8282
33042510,사직1동,36.640011,127.477055,1.2565
33042520,사직2동,36.632447,127.475371,0.9483
33042530,사창동,36.634543,127.463087,0.9767
33042540,모충동,36.62507,127.481344,1.6045
33042550,산남동,36.608502,127.468986,3.7734
33042560,분평동,36.596938,127.48705,5.93
33042570,수곡1동,36.617084,127.485686,1.1073
33042580,수곡2동,36.618833,127.473776,0.799
33042590,성화·개신·죽림동,36.615008,127.45208,6.2782
33043110,오송읍,36.629331,127.319583,40.494
33043310,강내면,36.599291,127.360385,30.115
33043320,옥산면,36.687359,127.356927,66.1302
33043510,운천·신봉동,36.65249,127.470961,2.188
33043520,복대1동,36.637577,127.434969,2.6743
33043530,복대2동,36.629858,127.446154,1.0553
33043540,가경동,36.620332,127.434258,3.3279
33043550,봉명1동,36.640437,127.460285,0.771
33043560,봉명2·송정동,36.64857,127.450648,4.9291
33043570,강서1동,36.623033,127.399635,30.4466
33043580,강서2동,36.666714,127.429698,16.4879
33044110,내수읍,36.70291,127.547317,55.2362
33044120,오창읍,36.733701,127.421878,80.229
33044310,북이면,36.746231,127.547619,47.2732
33044510,오근장동,36.692328,127.47929,18.8042
33044520,우암동,36.650384,127.488995,1.6551
33044530,내덕1동,36.658804,127.481475,1.0967
33044540,내덕2동,36.65784,127.494904,1.8279
33044550,율량·사천동,36.666282,127.497423,8.5102
33520110,보은읍,36.499147,127.723161,62.2765
33520310,속리산면,36.524633,127.833952,92.2367
33520320,장안면,36.477365,127.80007,29.7797
33520330,마로면,36.41715,127.837924,68.1441
33520340,탄부면,36.43711,127.778485,31.551
33520350,삼승면,36.417353,127.734998,28.2365
33520360,수한면,36.459567,127.668538,48.8029
33520370,회남면,36.433552,127.574054,46.5903
33520380,회인면,36.500299,127.602569,53.9096
33520390,내북면,36.553936,127.658183,63.1152
33520400,산외면,36.571512,127.747227,58.5615
33530110,옥천읍,36.301498,127.583731,47.7657
33530310,동이면,36.295205,127.645936,60.5476
33530320,안남면,36.354806,127.681164,31.7367
33530330,안내면,36.39954,127.64943,64.735
33530340,청성면,36.324726,127.73322,83.3033
33530350,청산면,36.345331,127.815576,72.924
33530360,이원면,36.228046,127.632128,66.753
33530370,군서면,36.272282,127.525741,46.2608
33530380,군북면,36.356716,127.56001,67.2029
33540110,영동읍,36.177528,127.810632,101.5409
33540310,용산면,36.262939,127.804818,67.5588
33540320,황간면,36.236003,127.896821,90.3285
33540330,추풍령면,36.228939,127.997708,55.4162
33540340,매곡면,36.166536,127.953046,45.0752
33540350,상촌면,36.099982,127.895136,139.5184
33540360,양강면,36.122888,127.761169,82.6876
33540370,용화면,36.047316,127.776717,59.9585
33540380,학산면,36.087207,127.686806,74.3868
33540390,양산면,36.147037,127.642682,57.5456
33540400,심천면,36.215408,127.70948,77.9964
33550110,진천읍,36.847825,127.414078,70.6692
33550120,덕산읍,36.898,127.507435,35.037
33550320,초평면,36.829165,127.531733,76.3377
33550330,문백면,36.799946,127.451044,60.0753
33550340,백곡면,36.899752,127.351146,80.3367
33550350,이월면,36.919121,127.433039,55.261
33550360,광혜원면,36.976642,127.423701,30.0918
33560110,괴산읍,36.827138,127.805107,49.3089
33560310,감물면,36.838844,127.882827,42.5913
33560320,장연면,36.83524,127.934492,61.3537
33560330,연풍면,36.766867,128.003078,93.2579
33560340,칠성면,36.753331,127.882577,102.1491
33560350,문광면,36.771795,127.773696,55.9963
33560360,청천면,36.673601,127.815489,208.5962
33560370,청안면,36.749174,127.682204,70.772
33560380,사리면,36.815572,127.681473,50.4668
33560390,소수면,36.849281,127.726981,46.4489
33560400,불정면,36.893194,127.823693,60.4466
33570110,음성읍,36.941693,127.654421,86.086
33570120,금왕읍,36.988263,127.573587,71.136
33570310,소이면,36.912605,127.751966,48.706
33570320,원남면,36.881426,127.647768,64.479
33570330,맹동면,36.918833,127.558149,34.5811
33570340,대소면,36.961101,127.491485,38.1239
33570350,삼성면,37.019192,127.49378,50.5514
33570360,생극면,37.035857,127.61223,55.9033
33570370,감곡면,37.09679,127.662649,69.4527
33580110,단양읍,36.9609,128.391208,75.7189
33580120,매포읍,37.046164,128.301716,66.1891
33580310,단성면,36.897739,128.290113,72.995
33580320,대강면,36.868317,128.379855,133.9875
33580330,가곡면,37.014636,128.431398,104.4566
33580340,영춘면,37.0683,128.500054,180.44
33580350,어상천면,37.097299,128.346678,73.7111
33580360,적성면,36.995037,128.275848,72.3379
33590140,증평읍,36.766882,127.603902,55.4215
33590310,도안면,36.827602,127.606057,26.4077
34011110,목천읍,36.788431,127.212553,63.1031
34011310,풍세면,36.737707,127.122309,30.3217
34011320,광덕면,36.676637,127.092685,80.6905
34011330,북면,36.835108,127.271832,58.1983
34011340,성남면,36.732144,127.236587,33.0411
34011350,수신면,36.725203,127.285804,25.9242
34011360,병천면,36.795414,127.312964,56.1482
34011370,동면,36.781049,127.367131,43.1256
34011510,중앙동,36.803042,127.14961,0.8102
34011520,문성동,36.812503,127.152436,0.6619
34011530,원성1동,36.81456,127.182611,7.322
34011540,원성2동,36.802499,127.158728,0.827
34011550,봉명동,36.809549,127.134127,1.5624
34011560,일봉동,36.79298,127.141207,2.5292
34011570,신방동,36.77823,127.128035,5.4733
34011580,청룡동,36.779813,127.161254,16.9623
34011590,신안동,36.833631,127.180439,11.5851
34012110,성환읍,36.932144,127.128334,57.2292
34012120,성거읍,36.873815,127.195143,31.3838
34012130,직산읍,36.885338,127.137926,30.4766
34012310,입장면,36.910449,127.225794,42.7182
34012510,성정1동,36.813449,127.141994,1.4458
34012520,성정2동,36.824046,127.140213,2.0791
34012530,쌍용1동,36.801562,127.13018,0.909
34012540,쌍용2동,36.794297,127.118471,1.8458
34012550,쌍용3동,36.807897,127.122477,1.5505
34012580,백석동,36.827456,127.116329,4.6079
34012600,부성1동,36.849528,127.149127,12.0983
34012610,부성2동,36.843492,127.122095,7.0282
34012620,불당1동,36.805168,127.109133,2.2579
34012630,불당2동,36.812742,127.103321,2.2848
34020110,유구읍,36.596551,126.968411,101.0514
34020310,이인면,36.374714,127.06963,62.966
34020320,탄천면,36.326202,127.02942,64.1649
34020330,계룡면,36.368369,127.157844,83.8573
34020340,반포면,36.384037,127.238699,59.9231
34020360,의당면,36.544211,127.159401,51.2338
34020370,정안면,36.599356,127.098152,108.4747
34020380,우성면,36.474734,127.058196,79.9369
34020390,사곡면,36.538871,127.033705,80.1112
34020400,신풍면,36.506071,126.945886,80.1391
34020510,중학동,36.450449,127.122161,1.4719
34020550,금학동,36.424172,127.101037,29.9912
34020560,옥룡동,36.436922,127.160266,20.4256
34020570,신관동,36.478646,127.125147,9.013
34020580,웅진동,36.459049,127.112275,6.6034
34020590,월송동,36.471184,127.172112,23.8062
34030110,웅천읍,36.24014,126.586382,66.8479
34030310,주포면,36.410435,126.579815,13.339
34030320,주교면,36.381053,126.55528,36.5907
34030330,오천면,36.37643,126.426792,56.8133
34030340,천북면,36.484048,126.527735,55.6084
34030350,청소면,36.450926,126.606373,38.3466
34030360,청라면,36.403409,126.659665,70.5014
34030370,남포면,36.296419,126.578567,49.5213
34030380,주산면,36.202897,126.620563,41.8978
34030390,미산면,36.24304,126.682583,65.7867
34030400,성주면,36.329415,126.660749,40.8005
34030510,대천1동,36.364214,126.606516,5.4175
34030520,대천2동,36.355812,126.575873,4.5585
34030530,대천3동,36.356402,126.622452,8.1793
34030540,대천4동,36.334991,126.613291,7.3221
34030560,대천5동,36.327257,126.547127,22.5762
34040110,염치읍,36.821783,126.982244,42.0477
34040120,배방읍,36.754084,127.068405,49.5684
34040310,송악면,36.703527,126.994183,61.0977
34040330,탕정면,36.809163,127.068454,24.2216
34040340,음봉면,36.858084,127.047837,59.1595
34040350,둔포면,36.910909,127.039051,41.3058
34040360,영인면,36.885129,126.962595,56.3789
34040370,인주면,36.860044,126.885124,45.3972
34040380,선장면,36.793213,126.869202,37.948
34040390,도고면,36.740788,126.904049,43.5607
34040400,신창면,36.790748,126.933887,39.8496
34040510,온양1동,36.788952,127.000513,1.6041
34040520,온양2동,36.77841,127.003953,1.026
34040530,온양3동,36.787549,127.021721,6.2761
34040540,온양4동,36.782365,126.978131,10.0391
34040550,온양5동,36.753538,126.982862,12.6371
34040560,온양6동,36.758534,127.01701,10.7182
34050110,대산읍,36.965955,126.420014,108.4315
34050310,인지면,36.748612,126.417514,35.3243
34050320,부석면,36.680368,126.396014,124.0075
34050330,팔봉면,36.818461,126.366515,52.3062
34050340,지곡면,36.876146,126.429646,58.128
34050350,성연면,36.834068,126.460518,43.8907
34050360,음암면,36.796315,126.516208,43.8727
34050370,운산면,36.778078,126.592862,82.6281
34050380,해미면,36.713842,126.539872,67.5627
34050390,고북면,36.666384,126.511725,71.8038
34050510,부춘동,36.793019,126.434636,9.4406
34050520,동문1동,36.791859,126.471089,7.5879
34050530,동문2동,36.780107,126.461118,1.2461
34050540,수석동,36.768803,126.483432,8.7331
34050550,석남동,36.743401,126.462751,29.2983
34060110,강경읍,36.152682,127.018332,7.024
34060120,연무읍,36.109973,127.103081,59.1124
34060310,성동면,36.199528,127.02765,35.533
34060320,광석면,36.241859,127.083365,34.1598
34060330,노성면,36.28816,127.106264,35.7506
34060340,상월면,36.292041,127.164239,44.5996
34060350,부적면,36.206071,127.144349,30.9412
34060360,연산면,36.229582,127.198997,54.7425
34060370,벌곡면,36.188603,127.28698,69.3356
34060380,양촌면,36.138561,127.233878,76.9179
34060390,가야곡면,36.140469,127.168796,45.0177
34060400,은진면,36.163717,127.111603,22.5078
34060410,채운면,36.160922,127.054499,19.7496
34060510,취암동,36.196349,127.103721,10.5403
34060520,부창동,36.191595,127.077143,7.5347
34070310,두마면,36.253025,127.260042,12.6642
34070330,엄사면,36.27676,127.221325,17.9546
34070340,신도안면,36.321032,127.229434,27.3763
34070510,금암동,36.272611,127.251578,2.7668
34080110,합덕읍,36.793071,126.774361,51.1096
34080120,송악읍,36.926848,126.739242,80.9692
34080310,고대면,36.94271,126.577225,63.1506
34080320,석문면,37.008323,126.540368,107.6502
34080330,대호지면,36.914197,126.514691,65.8267
34080340,정미면,36.859262,126.565512,49.4336
34080350,면천면,36.814912,126.660296,39.1669
34080360,순성면,36.844944,126.70825,44.2986
34080370,우강면,36.829598,126.807961,38.8212
34080380,신평면,36.88499,126.786615,53.9741
34080390,송산면,36.956015,126.676448,63.9872
34080510,당진1동,36.89277,126.645468,5.9988
34080520,당진2동,36.861504,126.624781,29.606
34080530,당진3동,36.905523,126.652784,15.6263
34510110,금산읍,36.095924,127.472048,21.7757
34510310,금성면,36.136254,127.465927,34.656
34510320,제원면,36.129173,127.565409,64.6402
34510330,부리면,36.059361,127.578858,66.6844
34510340,군북면,36.181587,127.542457,57.9276
34510350,남일면,36.028969,127.508039,48.0758
34510360,남이면,36.049584,127.429812,96.1145
34510370,진산면,36.140807,127.375122,80.6419
34510380,복수면,36.200826,127.397179,56.6148
34510390,추부면,36.204548,127.491646,49.0754
34530110,부여읍,36.286259,126.947815,59.5067
34530310,규암면,36.285275,126.875756,46.1281
34530320,은산면,36.328152,126.817206,69.601
34530330,외산면,36.321955,126.721206,56.2583
34530340,내산면,36.279855,126.762677,40.4411
34530350,구룡면,36.253061,126.816922,21.8792
34530360,홍산면,36.2299,126.761336,23.9769
34530370,옥산면,36.199203,126.729788,25.4703
34530380,남면,36.212855,126.806809,20.9677
34530390,충화면,36.173373,126.826204,36.9377
34530400,양화면,36.117724,126.855456,32.4353
34530410,임천면,36.173235,126.89048,42.8715
34530420,장암면,36.225895,126.901268,47.8933
34530430,세도면,36.180791,126.957608,41.4071
34530440,석성면,36.236735,126.99517,30.5752
34530450,초촌면,36.270487,127.024021,27.7319
34540110,장항읍,36.01962,126.685481,19.2548
34540120,서천읍,36.085449,126.701547,27.6415
34540310,마서면,36.049169,126.691402,38.1501
34540320,화양면,36.051362,126.786403,31.5489
34540330,기산면,36.078896,126.759719,20.9365
34540340,한산면,36.087318,126.826179,25.0249
34540350,마산면,36.136712,126.790311,26.3603
34540360,시초면,36.117656,126.753393,18.3583
34540370,문산면,36.151211,126.738404,28.2392
34540380,판교면,36.154408,126.68016,40.0369
34540390,종천면,36.110652,126.660632,26.0144
34540400,비인면,36.141501,126.613034,31.7934
34540410,서면,36.162704,126.550411,34.303
34550110,청양읍,36.44882,126.790189,36.1521
34550310,운곡면,36.527492,126.853999,46.7633
34550320,대치면,36.447187,126.859689,74.433
34550330,정산면,36.423617,126.937148,62.1334
34550340,목면,36.413465,126.994094,34.4203
34550350,청남면,36.349094,126.948334,35.5995
34550360,장평면,36.365441,126.884168,50.9028
34550370,남양면,36.391417,126.771594,58.8219
34550380,화성면,36.442967,126.715571,42.264
34550390,비봉면,36.498726,126.781801,37.8634
34560110,홍성읍,36.593037,126.662739,30.3963
34560120,광천읍,36.508639,126.638591,34.8648
34560130,홍북읍,36.641409,126.685442,44.5941
34560320,금마면,36.6081,126.730544,34.004
34560330,홍동면,36.556712,126.704684,37.8441
34560340,장곡면,36.502451,126.708523,54.8729
34560350,은하면,36.530614,126.58795,30.8082
34560360,결성면,36.550215,126.548003,29.3581
34560370,서부면,36.574229,126.492982,55.7649
34560380,갈산면,36.618529,126.548004,54.3665
34560390,구항면,36.573057,126.618838,36.6452
34570110,예산읍,36.703744,126.855034,43.0297
34570120,삽교읍,36.691218,126.714715,49.6994
34570310,대술면,36.666688,126.917929,60.7852
34570320,신양면,36.602556,126.879736,61.869
34570330,광시면,36.563821,126.793601,58.125
34570340,대흥면,36.633091,126.821339,35.8539
34570350,응봉면,36.645774,126.774752,26.2227
34570360,덕산면,36.677918,126.626891,59.7603
34570370,봉산면,36.744386,126.667628,35.2021
34570380,고덕면,36.755875,126.723791,44.6862
34570390,신암면,36.744665,126.805949,35.6487
34570400,오가면,36.692646,126.790827,32.2533
34580110,태안읍,36.753669,126.31249,87.7055
34580120,안면읍,36.519037,126.356146,96.7015
34580310,고남면,36.434328,126.396194,28.5675
34580320,남면,36.650555,126.308084,64.1051
34580330,근흥면,36.713892,126.193136,54.1042
34580340,소원면,36.777983,126.178973,73.2483
34580350,원북면,36.839983,126.233694,80.4482
34580360,이원면,36.888778,126.284085,51.4304
35011600,동서학동,35.795041,127.182919,15.5405
35011610,서서학동,35.793231,127.15258,3.0053
35011620,중화산1동,35.814035,127.130593,1.2774
35011630,중화산2동,35.819707,127.120066,1.6089
35011640,평화1동,35.795431,127.14143,1.1098
35011650,평화2동,35.772932,127.126934,15.564
35011660,서신동,35.832353,127.115877,2.395
35011670,삼천1동,35.800309,127.125862,0.7009
35011680,삼천2동,35.795507,127.122947,0.7498
35011690,삼천3동,35.771528,127.084785,27.2663
35011700,효자1동,35.804974,127.132244,1.0303
35011710,효자2동,35.808029,127.119313,0.858
35011720,효자3동,35.805894,127.1133,0.7519
35011740,중앙동,35.820637,127.140549,1.2259
35011750,풍남동,35.814424,127.156959,1.9473
35011760,노송동,35.823125,127.155403,2.0804
35011770,완산동,35.80918,127.140535,0.9796
35011780,효자4동,35.810232,127.088952,7.8295
35011790,효자5동,35.826191,127.09722,6.217
35012540,인후1동,35.837984,127.155926,1.0764
35012550,인후2동,35.841058,127.147766,1.481
35012560,인후3동,35.829401,127.163337,1.7295
35012570,덕진동,35.847404,127.126053,5.1895
35012600,팔복동,35.854779,127.097744,6.7647
35012610,우아1동,35.850138,127.160012,2.1301
35012620,우아2동,35.828947,127.193023,22.3117
35012630,호성동,35.876038,127.147054,7.5721
35012650,송천1동,35.866293,127.13123,4.7994
35012660,송천2동,35.882636,127.113425,12.1146
35012670,조촌동,35.879241,127.038824,24.6225
35012690,진북동,35.827964,127.134021,1.7162
35012700,혁신동,35.837431,127.071236,6.9178
35012710,여의동,35.866467,127.073609,12.636
35012721,금암동,35.84003,127.137089,2.0831
35020110,옥구읍,35.905767,126.690966,38.2247
35020310,옥산면,35.940902,126.740239,16.7041
35020320,회현면,35.902141,126.760046,38.316
35020330,임피면,35.972265,126.859581,21.917
35020340,서수면,36.000476,126.879184,24.201
35020350,대야면,35.936449,126.831042,37.6918
35020360,개정면,35.960561,126.786115,16.8263
35020370,성산면,36.000499,126.790569,27.1941
35020380,나포면,36.028523,126.833261,31.0052
35020390,옥도면,35.874366,126.394725,26.3277
35020400,옥서면,35.911771,126.631768,20.8082
35020510,해신동,35.989419,126.686664,3.2345
35020530,월명동,35.985812,126.710763,1.1344
35020550,신풍동,35.97679,126.702471,1.2014
35020560,삼학동,35.978332,126.710111,0.5601
35020600,중앙동,35.984681,126.721289,0.6898
35020640,흥남동,35.976385,126.717762,0.9666
35020650,조촌동,35.972486,126.739356,3.0914
35020660,경암동,35.980466,126.731389,1.2215
35020670,구암동,35.992248,126.756458,5.6905
35020680,개정동,35.965014,126.756302,5.1136
35020690,수송동,35.960131,126.717368,5.4085
35020700,나운1동,35.968866,126.695778,1.1939
35020710,나운2동,35.965588,126.704531,0.8363
35020720,소룡동,35.950715,126.578815,52.6069
35020730,미성동,35.952592,126.64348,26.5863
35020740,나운3동,35.946957,126.685282,9.1088
35030110,함열읍,36.061413,126.964373,18.9264
35030310,오산면,35.937469,126.899687,29.9424
35030320,황등면,36.017211,126.938201,27.7604
35030330,함라면,36.040096,126.905109,22.7736
35030340,웅포면,36.093229,126.891593,32.7825
35030350,성당면,36.095999,126.929649,19.374
35030360,용안면,36.122184,126.955385,25.7374
35030370,낭산면,36.060427,127.020856,34.8755
35030380,망성면,36.118378,127.026198,31.8514
35030390,여산면,36.051264,127.091199,36.63
35030400,금마면,36.007219,127.041743,28.4895
35030410,왕궁면,35.973261,127.083957,46.2065
35030420,춘포면,35.926769,127.0235,29.194
35030430,삼기면,36.020398,126.993586,23.2963
35030440,용동면,36.106439,126.995547,16.6571
35030510,중앙동,35.939626,126.949308,0.8733
35030530,평화동,35.924555,126.930945,6.8457
35030550,인화동,35.926802,126.951058,2.2192
35030570,동산동,35.916934,126.973447,12.2415
35030580,마동,35.940117,126.96446,1.5085
35030590,남중동,35.94945,126.956562,1.7307
35030610,모현동,35.953406,126.941884,3.4775
35030620,송학동,35.939581,126.933598,1.4833
35030650,신동,35.973087,126.942701,12.4132
35030660,영등1동,35.952056,126.971402,1.7046
35030690,팔봉동,35.960195,127.012328,21.6395
35030700,삼성동,35.97897,126.98549,12.8152
35030710,영등2동,35.964538,126.973317,1.4677
35030720,어양동,35.957748,126.983343,2.1161
35040110,신태인읍,35.701401,126.871715,29.7896
35040310,북면,35.596383,126.90623,35.7998
35040320,입암면,35.503302,126.798653,35.9637
35040330,소성면,35.5599,126.780873,29.2175
35040340,고부면,35.606018,126.758103,40.0989
35040350,영원면,35.651244,126.768244,24.905
35040360,덕천면,35.629958,126.827551,20.7387
35040370,이평면,35.666711,126.829238,25.6921
35040380,정우면,35.646795,126.886013,30.4812
35040390,태인면,35.656949,126.936655,34.1719
35040400,감곡면,35.716494,126.928232,41.7361
35040410,옹동면,35.649306,126.986445,40.3893
35040420,칠보면,35.57938,126.964715,50.0316
35040430,산내면,35.551291,127.049593,65.8838
35040440,산외면,35.625978,127.054407,63.6585
35040510,수성동,35.58651,126.861447,5.9082
35040520,장명동,35.570874,126.882281,6.7781
35040530,내장상동,35.520016,126.902521,45.6619
35040540,시기동,35.564487,126.853272,0.5433
35040570,연지동,35.572432,126.84346,1.7007
35040580,농소동,35.597231,126.830835,18.8228
35040590,상교동,35.519224,126.84581,46.3982
35040600,초산동,35.555484,126.854029,2.753
35050110,운봉읍,35.43054,127.535433,68.9288
35050310,주천면,35.380694,127.454252,54.6841
35050320,수지면,35.333732,127.375256,31.3874
35050330,송동면,35.357216,127.343838,33.168
35050340,주생면,35.384884,127.303866,26.107
35050350,금지면,35.34007,127.281051,33.4466
35050360,대강면,35.363244,127.230654,43.7655
35050370,대산면,35.425364,127.315348,36.0114
35050380,사매면,35.478266,127.351929,32.1301
35050390,덕과면,35.525047,127.369872,23.5845
35050400,보절면,35.515754,127.416588,41.9695
35050410,산동면,35.496668,127.472752,53.8264
35050420,이백면,35.43108,127.459623,43.4915
35050430,인월면,35.465096,127.612935,36.4112
35050440,아영면,35.510783,127.593561,35.331
35050450,산내면,35.379016,127.592702,103.4203
35050510,동충동,35.411435,127.382751,0.5622
35050520,죽항동,35.407327,127.384406,0.687
35050540,노암동,35.394768,127.389496,9.1324
35050550,금동,35.399386,127.368348,1.9868
35050560,왕정동,35.412427,127.356888,6.1686
35050570,향교동,35.439917,127.374826,18.4616
35050590,도통동,35.4426,127.410076,15.0194
35060110,만경읍,35.868731,126.82318,24.3712
35060310,죽산면,35.774227,126.808038,36.5058
35060320,백산면,35.845819,126.887414,29.3836
35060330,용지면,35.844697,126.971007,34.9196
35060340,백구면,35.887745,126.963328,22.0875
35060350,부량면,35.738774,126.84449,20.1047
35060360,공덕면,35.886131,126.904548,28.668
35060370,청하면,35.887519,126.850752,19.6251
35060380,성덕면,35.818292,126.81067,22.1833
35060390,진봉면,35.852799,126.742521,49.0041
35060400,금구면,35.780881,127.017853,42.4634
35060410,봉남면,35.742686,126.956932,23.7331
35060420,황산면,35.788708,126.96038,18.157
35060430,금산면,35.714978,127.029566,66.7376
35060440,광활면,35.824399,126.73517,31.9787
35060510,요촌동,35.818247,126.890273,11.083
35060520,신풍동,35.774213,126.917148,22.9865
35060540,검산동,35.81297,126.923417,14.2781
35060580,교월동,35.785387,126.863771,27.8853
35510110,삼례읍,35.912993,127.085446,28.5066
35510120,봉동읍,35.950199,127.137725,45.9165
35510130,용진읍,35.896985,127.1808,38.3126
35510320,상관면,35.760774,127.229826,68.651
35510330,이서면,35.825694,127.032043,33.7304
35510340,소양면,35.85779,127.255679,94.295
35510350,구이면,35.706523,127.119575,89.3169
35510360,고산면,35.971392,127.232405,69.4009
35510370,비봉면,36.011405,127.157687,44.6499
35510380,운주면,36.072175,127.315018,91.564
35510390,화산면,36.050598,127.198913,70.9521
35510400,동상면,35.939153,127.303002,107.2711
35510410,경천면,36.039498,127.277124,38.9292
35520110,진안읍,35.776774,127.443899,115.6871
35520310,용담면,35.950998,127.489979,54.4403
35520320,안천면,35.902092,127.547034,37.0341
35520330,동향면,35.83664,127.573682,52.8624
35520340,상전면,35.847913,127.497227,54.6395
35520350,백운면,35.681141,127.428006,86.0486
35520360,성수면,35.721276,127.318796,70.5453
35520370,마령면,35.746345,127.361276,42.0117
35520380,부귀면,35.838716,127.359825,104.0661
35520390,정천면,35.8905,127.438172,75.3366
35520400,주천면,35.967261,127.40025,95.7248
35530110,무주읍,36.011534,127.655953,79.5508
35530310,무풍면,35.932318,127.847439,90.73
35530320,설천면,35.954356,127.783103,157.3497
35530330,적상면,35.934865,127.672879,135.3752
35530340,안성면,35.847139,127.678965,96.7282
35530350,부남면,35.968884,127.569785,69.7944
35540110,장수읍,35.623658,127.511507,101.5609
35540310,산서면,35.582287,127.409373,47.6383
35540320,번암면,35.555477,127.544887,125.6467
35540330,장계면,35.726251,127.618158,67.3797
35540340,천천면,35.7332,127.521468,83.5749
35540350,계남면,35.687005,127.579883,50.1476
35540360,계북면,35.789785,127.630838,55.7621
35550110,임실읍,35.592439,127.266717,67.6042
35550310,청웅면,35.565329,127.207963,34.6301
35550320,운암면,35.61245,127.151637,76.4992
35550330,신평면,35.647482,127.232372,33.6565
35550340,성수면,35.627133,127.360111,60.003
35550350,오수면,35.541378,127.318684,40.3252
35550360,신덕면,35.691129,127.180073,65.8793
35550370,삼계면,35.507789,127.266342,53.8855
35550380,관촌면,35.695302,127.282303,53.3236
35550390,강진면,35.546609,127.143573,50.5736
35550400,덕치면,35.499497,127.170804,42.0905
35550410,지사면,35.57904,127.353721,17.6683
35560110,순창읍,35.370445,127.133441,21.2255
35560310,인계면,35.422919,127.15902,36.5295
35560320,동계면,35.456466,127.249326,57.0698
35560330,적성면,35.423952,127.208348,32.622
35560340,유등면,35.374409,127.188448,18.566
35560350,풍산면,35.332931,127.142492,28.2989
35560360,금과면,35.333539,127.084221,27.5357
35560370,팔덕면,35.39424,127.085027,39.7294
35560380,복흥면,35.445284,126.936149,73.7858
35560390,쌍치면,35.505258,126.992045,78.9383
35560400,구림면,35.462834,127.087211,85.0918
35570110,고창읍,35.432101,126.703874,42.4452
35570310,고수면,35.390069,126.681495,45.6704
35570320,아산면,35.467287,126.611397,74.4061
35570330,무장면,35.412023,126.57461,43.6502
35570340,공음면,35.383253,126.526674,49.9648
35570350,상하면,35.444563,126.478426,33.5967
35570360,해리면,35.475036,126.511833,39.7786
35570370,성송면,35.365199,126.635749,36.1845
35570380,대산면,35.339398,126.573178,43.748
35570390,심원면,35.512969,126.545968,41.2438
35570400,흥덕면,35.537354,126.69939,34.1117
35570410,성내면,35.535475,126.744777,30.7238
35570420,신림면,35.476889,126.722213,40.7164
35570430,부안면,35.528058,126.641715,55.7705
35580110,부안읍,35.708637,126.744913,24.7209
35580310,주산면,35.66509,126.709091,24.6506
35580320,동진면,35.761292,126.748013,39.226
35580330,행안면,35.722852,126.705915,20.0748
35580340,계화면,35.778743,126.653894,82.2399
35580350,보안면,35.620468,126.665291,41.3765
35580360,변산면,35.643861,126.534268,88.1731
35580370,진서면,35.604574,126.571561,39.3761
35580380,백산면,35.701921,126.792683,36.4934
35580390,상서면,35.66901,126.645685,51.6989
35580400,하서면,35.714722,126.6213,52.6882
35580410,줄포면,35.59251,126.69435,23.0933
35580420,위도면,35.604231,126.262921,16.611
36010510,용당1동,34.806759,126.392988,1.401
36010520,용당2동,34.800417,126.400198,0.8927
36010530,연동,34.797498,126.3931,0.4981
36010550,산정동,34.80688,126.383381,0.7421
36010560,연산동,34.819316,126.38279,3.1839
36010570,원산동,34.809132,126.378029,0.6187
36010580,대성동,34.799694,126.382908,0.4033
36010600,목원동,34.792979,126.381299,1.4281
36010620,동명동,34.789896,126.394577,0.6807
36010630,삼학동,34.791595,126.401986,0.6811
36010640,만호동,34.785311,126.395458,1.4178
36010650,유달동,34.779525,126.340321,15.3421
36010670,죽교동,34.799679,126.37079,0.9282
36010680,북항동,34.805693,126.369531,0.708
36010690,용해동,34.816723,126.40057,2.3522
36010700,이로동,34.797134,126.412303,1.8407
36010710,상동,34.81898,126.414863,3.1766
36010720,하당동,34.809228,126.420272,1.3414
36010730,신흥동,34.799695,126.425152,1.661
36010740,삼향동,34.832768,126.415092,7.5642
36010750,옥암동,34.814693,126.436376,2.526
36010760,부흥동,34.798858,126.445501,2.1032
36010770,부주동,34.807814,126.447651,2.6248
36020110,돌산읍,34.645928,127.762248,73.169
36020310,소라면,34.788305,127.604329,60.707
36020320,율촌면,34.850134,127.582429,57.3463
36020330,화양면,34.690894,127.596335,71.1952
36020340,남면,34.509703,127.763014,44.5779
36020350,화정면,34.598283,127.617211,28.7681
36020360,삼산면,34.158939,127.316578,29.2511
36020510,동문동,34.741876,127.743478,0.964
36020520,한려동,34.7447,127.751072,1.0123
36020530,중앙동,34.739672,127.736865,0.4864
36020540,충무동,34.750384,127.729803,1.3225
36020550,광림동,34.756435,127.721098,3.3653
36020560,서강동,34.74167,127.721454,0.6579
36020570,대교동,34.735615,127.723148,1.6185
36020580,국동,34.731707,127.714462,1.5321
36020590,월호동,34.720745,127.710508,6.9349
36020600,여서동,34.747364,127.706766,2.5648
36020610,문수동,34.755503,127.698961,2.2423
36020620,미평동,34.773945,127.709683,3.0726
36020630,둔덕동,34.777552,127.698651,4.083
36020640,만덕동,34.779198,127.738969,16.3489
36020650,쌍봉동,34.750559,127.653061,7.2133
36020660,시전동,34.751808,127.678976,6.6657
36020670,여천동,34.77503,127.654939,7.4757
36020680,주삼동,34.791063,127.665645,11.3935
36020690,삼일동,34.826784,127.710785,72.9258
36020700,묘도동,34.883341,127.720806,11.7451
36030110,승주읍,35.017599,127.362108,92.7213
36030310,주암면,35.069007,127.246324,94.1744
36030320,송광면,34.988803,127.247142,110.8663
36030330,외서면,34.916118,127.272372,35.2905
36030340,낙안면,34.921246,127.346194,62.9371
36030350,별량면,34.869638,127.42943,69.383
36030360,상사면,34.937244,127.418862,59.9308
36030370,해룡면,34.905825,127.548463,50.4233
36030380,서면,35.027866,127.493498,103.2538
36030390,황전면,35.115967,127.459159,98.5087
36030400,월등면,35.08583,127.390069,44.0367
36030510,향동,34.973299,127.440228,18.601
36030540,매곡동,34.962999,127.479683,1.4418
36030550,삼산동,34.983023,127.470112,17.6056
36030560,조곡동,34.955827,127.496884,2.1316
36030570,덕연동,34.942704,127.516853,5.1207
36030580,풍덕동,34.93501,127.504463,2.9675
36030590,남제동,34.941165,127.481183,2.5323
36030600,저전동,34.948549,127.476964,0.9738
36030610,장천동,34.949744,127.488784,0.4628
36030620,중앙동,34.956426,127.4873,0.4858
36030630,도사동,34.904878,127.495729,26.3229
36030660,왕조1동,34.96868,127.529809,9.4178
36030670,왕조2동,34.955701,127.532575,1.2939
36040110,남평읍,35.028553,126.862597,54.3903
36040310,세지면,34.927187,126.732893,30.1134
36040320,왕곡면,34.960202,126.670228,30.1247
36040330,반남면,34.913672,126.655081,20.3293
36040340,공산면,34.949908,126.601036,32.4608
36040350,동강면,34.927574,126.553113,44.6853
36040360,다시면,35.015866,126.640403,56.5394
36040370,문평면,35.067942,126.630926,46.9777
36040380,노안면,35.083334,126.716829,42.4789
36040390,금천면,35.023305,126.761616,26.7663
36040400,산포면,35.030039,126.808404,20.395
36040410,다도면,34.93438,126.836258,73.0009
36040420,봉황면,34.944748,126.782554,59.7525
36040510,송월동,35.016596,126.721641,4.754
36040520,영강동,35.009758,126.6947,6.9642
36040540,금남동,35.034133,126.704576,11.5251
36040550,성북동,35.050761,126.723114,8.0788
36040580,영산동,34.991861,126.736757,13.5039
36040600,이창동,34.985564,126.687661,15.2087
36040610,빛가람동,35.018415,126.789101,7.3414
36060110,광양읍,34.956849,127.603484,56.5577
36060310,봉강면,35.04884,127.565511,55.3564
36060320,옥룡면,35.054094,127.614289,65.4921
36060330,옥곡면,34.998067,127.678107,40.0449
36060340,진상면,35.053943,127.684453,64.9879
36060350,진월면,35.005401,127.754344,38.9491
36060360,다압면,35.118997,127.66434,62.708
36060510,골약동,34.929579,127.657112,40.8154
36060530,중마동,34.945214,127.699975,10.3182
36060540,광영동,34.961234,127.717161,3.2884
36060550,태인동,34.945697,127.755316,6.2281
36060560,금호동,34.918105,127.746321,25.7474
36510110,담양읍,35.321096,126.982738,29.9121
36510310,봉산면,35.269078,126.955967,19.4174
36510320,고서면,35.219935,126.973988,26.518
36510340,창평면,35.231267,127.01497,33.6675
36510350,대덕면,35.231171,127.058635,53.2565
36510360,무정면,35.286466,127.047959,38.95
36510370,금성면,35.344676,127.037672,36.8065
36510380,용면,35.406755,127.005335,62.5584
36510390,월산면,35.358798,126.931086,49.3824
36510400,수북면,35.303227,126.923511,28.9728
36510410,대전면,35.284578,126.88773,30.3537
36510420,가사문학면,35.159081,127.039893,43.3822
36520110,곡성읍,35.280063,127.271172,52.3862
36520310,오곡면,35.233845,127.321481,62.9846
36520320,삼기면,35.213029,127.226568,38.3141
36520330,석곡면,35.154543,127.238869,53.0927
36520340,목사동면,35.10741,127.301975,46.6772
36520350,죽곡면,35.161869,127.339494,103.7088
36520360,고달면,35.277813,127.362829,42.045
36520370,옥과면,35.295773,127.141568,29.945
36520380,입면,35.297023,127.210893,34.1453
36520390,겸면,35.253268,127.177171,38.3479
36520400,오산면,35.231666,127.125252,46.2505
36530110,구례읍,35.20315,127.425959,45.6898
36530310,문척면,35.166491,127.498872,34.2817
36530320,간전면,35.152557,127.567521,73.4777
36530330,토지면,35.23992,127.562209,96.2753
36530340,마산면,35.243244,127.499453,32.2779
36530350,광의면,35.269946,127.467848,33.6141
36530360,용방면,35.247978,127.423633,24.5766
36530370,산동면,35.319736,127.467824,99.0708
36550110,고흥읍,34.60571,127.265458,45.4378
36550120,도양읍,34.530211,127.15212,34.933
36550310,풍양면,34.557471,127.240337,51.4814
36550320,도덕면,34.58368,127.186864,49.9912
36550330,금산면,34.459682,127.168548,66.2236
36550340,도화면,34.49849,127.321136,67.0697
36550350,포두면,34.565619,127.357865,112.4959
36550360,봉래면,34.44689,127.49282,29.1395
36550370,동일면,34.509533,127.46636,21.7152
36550380,점암면,34.643551,127.400336,69.344
36550390,영남면,34.60454,127.455899,44.4447
36550400,과역면,34.686952,127.384903,42.8191
36550410,남양면,34.741491,127.358965,39.6934
36550420,동강면,34.795363,127.335719,41.4574
36550430,대서면,34.762329,127.281266,34.6554
36550440,두원면,34.658481,127.273716,63.9392
36560110,보성읍,34.751009,127.069683,48.9017
36560120,벌교읍,34.846271,127.321417,103.1527
36560310,노동면,34.810907,127.053682,46.9664
36560320,미력면,34.808569,127.106473,30.6961
36560330,겸백면,34.825663,127.158497,47.5527
36560340,율어면,34.86596,127.202162,48.8858
36560350,복내면,34.898956,127.122821,66.9631
36560360,문덕면,34.938318,127.184644,59.5678
36560370,조성면,34.803052,127.239164,45.0489
36560380,득량면,34.751264,127.168242,74.0943
36560390,회천면,34.692122,127.094828,53.8678
36560400,웅치면,34.706905,127.021554,40.1564
36570111,화순읍,35.062155,126.963352,69.7424
36570310,한천면,34.970331,127.033163,65.366
36570320,춘양면,34.941421,126.949614,50.0399
36570330,청풍면,34.876144,126.953798,50.3096
36570340,이양면,34.891016,127.030069,92.0351
36570350,능주면,35.005094,126.956566,15.9257
36570360,도곡면,35.006902,126.910488,38.3753
36570370,도암면,34.912466,126.889611,50.9367
36570380,이서면,35.1066,127.068878,53.061
36570400,동복면,35.078304,127.147424,63.1827
36570420,동면,35.041109,127.043406,67.0891
36570430,백아면,35.162584,127.14031,84.8363
36570440,사평면,35.002111,127.124683,86.65
36580110,장흥읍,34.679756,126.90496,55.8172
36580120,관산읍,34.552207,126.939854,76.0126
36580130,대덕읍,34.493232,126.881835,58.1225
36580310,용산면,34.613402,126.926399,72.3065
36580320,안양면,34.655317,126.989988,51.2157
36580330,장동면,34.746431,126.97862,44.63
36580340,장평면,34.807899,126.962979,77.4389
36580350,유치면,34.796087,126.860506,121.7421
36580360,부산면,34.732595,126.909353,37.8815
36580370,회진면,34.476993,126.937401,26.8225
36590110,강진읍,34.63016,126.741062,52.3657
36590310,군동면,34.644577,126.823378,60.4741
36590320,칠량면,34.574365,126.830642,60.2553
36590330,대구면,34.514229,126.817855,33.8142
36590340,마량면,34.473074,126.830647,20.2267
36590350,도암면,34.565022,126.722741,69.2434
36590360,신전면,34.496803,126.717612,40.5607
36590370,성전면,34.708999,126.712077,64.279
36590380,작천면,34.709228,126.770474,43.8668
36590390,병영면,34.710556,126.825403,26.872
36590400,옴천면,34.757866,126.787103,29.5039
36600110,해남읍,34.558036,126.566183,65.0199
36600310,삼산면,34.511789,126.604104,50.6571
36600320,화산면,34.482795,126.494473,57.5378
36600330,현산면,34.453792,126.569516,90.0188
36600340,송지면,34.36796,126.534538,81.8236
36600350,북평면,34.388844,126.610383,48.3512
36600360,북일면,34.461613,126.67857,41.5121
36600370,옥천면,34.562867,126.655355,60.9027
36600380,계곡면,34.654427,126.636962,77.7393
36600390,마산면,34.630768,126.546335,80.9825
36600400,황산면,34.574098,126.44442,106.1536
36600410,산이면,34.659283,126.428696,139.4654
36600420,문내면,34.607808,126.329313,56.6851
36600430,화원면,34.687855,126.307097,90.6418
36610110,영암읍,34.791155,126.72487,59.6074
36610120,삼호읍,34.743465,126.463398,97.8004
36610310,덕진면,34.830075,126.701843,26.2027
36610320,금정면,34.853055,126.781804,72.5729
36610330,신북면,34.892338,126.689942,48.8025
36610340,시종면,34.869365,126.59206,62.525
36610350,도포면,34.845206,126.641661,34.8668
36610360,군서면,34.779675,126.637525,57.0443
36610370,서호면,34.772663,126.574811,43.7382
36610380,학산면,34.731599,126.599301,61.6539
36610390,미암면,34.694765,126.559686,46.4033
36620110,무안읍,34.992494,126.471348,35.5549
36620120,일로읍,34.833753,126.508742,68.7581
36620130,삼향읍,34.846446,126.446725,45.36
36620320,몽탄면,34.923357,126.50022,64.217
36620330,청계면,34.930523,126.42928,65.7442
36620340,현경면,35.038089,126.411849,56.265
36620350,망운면,34.999824,126.380629,19.4264
36620360,해제면,35.102286,126.291125,65.4389
36620370,운남면,34.951826,126.338165,35.9035
36630110,함평읍,35.068,126.488658,40.1385
36630310,손불면,35.141426,126.431907,54.4707
36630320,신광면,35.162761,126.487802,40.7804
36630330,학교면,35.020761,126.561685,46.3543
36630340,엄다면,35.013421,126.514079,23.1307
36630350,대동면,35.100057,126.539517,56.0716
36630360,나산면,35.121923,126.604571,55.2718
36630370,해보면,35.169988,126.575976,39.3352
36630380,월야면,35.191066,126.62644,34.1208
36640110,영광읍,35.294764,126.505735,46.4234
36640120,백수읍,35.302144,126.40203,89.0633
36640130,홍농읍,35.40182,126.444894,38.8577
36640310,대마면,35.299586,126.591688,34.9078
36640320,묘량면,35.243725,126.559441,44.7234
36640330,불갑면,35.208945,126.512137,36.9342
36640340,군서면,35.264039,126.469671,25.7595
36640350,군남면,35.224143,126.438935,48.6464
36640360,염산면,35.217354,126.364677,65.4612
36640370,법성면,35.353494,126.471265,35.1733
36640380,낙월면,35.299637,126.085508,14.1279
36650110,장성읍,35.326542,126.815911,69.1611
36650310,진원면,35.268701,126.841,28.4171
36650320,남면,35.243483,126.798687,28.1981
36650330,동화면,35.264524,126.719027,29.0184
36650340,삼서면,35.232583,126.643625,47.2995
36650350,삼계면,35.285597,126.664854,65.8528
36650360,황룡면,35.307801,126.731606,44.779
36650370,서삼면,35.349814,126.751415,34.062
36650380,북일면,35.386465,126.777394,30.4726
36650390,북이면,35.43174,126.795761,56.2748
36650400,북하면,35.407166,126.869037,84.148
36660110,완도읍,34.328375,126.716056,54.5373
36660120,금일읍,34.341756,127.05922,29.7881
36660130,노화읍,34.203422,126.564986,33.212
36660310,군외면,34.364366,126.665222,43.6426
36660320,신지면,34.330676,126.839651,32.276
36660330,고금면,34.403645,126.807482,46.9064
36660340,약산면,34.381418,126.905305,29.1147
36660350,청산면,34.163165,126.876467,43.4686
36660360,소안면,34.163909,126.646712,29.8232
36660370,금당면,34.434674,127.054071,15.0282
36660380,보길면,34.152105,126.547249,34.729
36660390,생일면,34.315694,126.985943,16.0047
36670110,진도읍,34.490505,126.239965,44.3253
36670310,군내면,34.535427,126.282826,64.1309
36670320,고군면,34.486784,126.343824,48.7745
36670330,의신면,34.432102,126.291841,67.1645
36670340,임회면,34.394552,126.205694,70.944
36670350,지산면,34.439696,126.157069,90.8154
36670360,조도면,34.3144,126.024431,65.5154
36680110,지도읍,35.060276,126.21017,81.002
36680120,압해읍,34.883038,126.300851,69.755
36680310,증도면,34.98564,126.156669,35.3108
36680320,임자면,35.092459,126.080147,49.344
36680330,자은면,34.887697,126.045005,53.9911
36680340,비금면,34.760313,125.947434,54.1646
36680350,도초면,34.676948,125.93635,56.9496
36680360,흑산면,34.528841,125.327352,55.4025
36680370,하의면,34.60961,126.019893,36.0484
36680380,신의면,34.578349,126.074365,34.2629
36680390,장산면,34.639941,126.155975,29.6388
36680400,안좌면,34.732345,126.127704,60.5207
36680410,팔금면,34.785432,126.139828,18.7012
36680420,암태면,34.841568,126.108906,43.8149
37011110,구룡포읍,35.985394,129.535793,45.4581
37011120,연일읍,36.00417,129.316502,36.0596
37011130,오천읍,35.918664,129.39655,70.3512
37011310,대송면,35.944786,129.352861,32.507
37011320,동해면,35.997794,129.486899,44.1733
37011330,장기면,35.902262,129.47688,100.7854
37011350,호미곶면,36.053079,129.555405,20.7784
37011550,송도동,36.034815,129.376746,2.218
37011560,청림동,35.995426,129.415942,6.8493
37011570,제철동,36.002063,129.388051,21.0602
37011580,효곡동,36.019928,129.324313,5.8736
37011590,대이동,36.025536,129.335387,4.9222
37011600,상대동,36.01212,129.357631,3.4291
37011610,해도동,36.019642,129.371105,1.9376
37012110,흥해읍,36.107629,129.344472,107.9067
37012310,신광면,36.147047,129.254874,79.8791
37012320,청하면,36.192179,129.324372,78.1146
37012330,송라면,36.244766,129.321125,59.4275
37012340,기계면,36.087423,129.178335,91.6739
37012350,죽장면,36.214923,129.140843,235.8922
37012360,기북면,36.151401,129.183525,52.4272
37012580,양학동,36.032665,129.343865,1.9838
37012610,용흥동,36.041701,129.349777,3.9596
37012630,우창동,36.062544,129.357177,6.2477
37012640,두호동,36.063783,129.380448,1.4878
37012650,장량동,36.083414,129.382954,11.2162
37012660,환여동,36.073026,129.403189,2.4512
37012670,중앙동,36.046778,129.368076,2.3119
37012680,죽도동,36.026046,129.359454,1.8559
37020110,감포읍,35.806084,129.478816,45.0943
37020120,안강읍,35.981418,129.184225,138.3497
37020130,건천읍,35.831709,129.103265,91.3482
37020140,외동읍,35.712114,129.313341,109.3373
37020320,양남면,35.704007,129.418211,85.2968
37020330,내남면,35.747572,129.174787,121.1568
37020340,산내면,35.749106,129.037338,142.7493
37020350,서면,35.896739,129.065478,51.7635
37020360,현곡면,35.896791,129.169945,55.474
37020370,강동면,35.995434,129.272229,80.9227
37020380,천북면,35.90434,129.276743,58.3188
37020390,문무대왕면,35.798441,129.41414,119.9701
37020510,중부동,35.843916,129.208796,0.9311
37020550,성건동,35.857154,129.193331,6.2255
37020580,월성동,35.810421,129.246463,31.474
37020590,선도동,35.837563,129.165013,28.1782
37020620,용강동,35.871759,129.232289,5.0552
37020630,황성동,35.869012,129.215475,3.9707
37020640,동천동,35.850882,129.237188,5.2299
37020660,불국동,35.78212,129.298174,37.3119
37020670,보덕동,35.846514,129.318457,80.6653
37020680,황오동,35.844813,129.219413,1.3324
37020690,황남동,35.808554,129.198513,19.9431
37030110,아포읍,36.155471,128.249739,53.0654
37030310,농소면,36.078677,128.184049,45.1096
37030320,남면,36.095422,128.240219,66.0182
37030330,개령면,36.173623,128.181508,27.7886
37030340,감문면,36.221458,128.171925,59.3043
37030350,어모면,36.203087,128.095375,65.2473
37030360,봉산면,36.170496,128.030722,56.0881
37030370,대항면,36.100567,128.00794,65.655
37030380,감천면,36.060926,128.139935,27.4191
37030390,조마면,36.009736,128.118273,70.3326
37030400,구성면,36.042404,128.030848,95.0162
37030410,지례면,35.96513,128.046646,53.9155
37030420,부항면,36.000579,127.935708,82.266
37030430,대덕면,35.915162,127.949551,97.7799
37030440,증산면,35.879027,128.030308,75.199
37030550,양금동,36.097223,128.108445,9.2499
37030560,대신동,36.145392,128.108896,23.3767
37030580,대곡동,36.115438,128.081996,13.8955
37030590,지좌동,36.116567,128.144297,10.0533
37030600,자산동,36.12407,128.124198,1.2956
37030610,평화남산동,36.121643,128.112617,2.1816
37030620,율곡동,36.124575,128.186493,4.3091
37040110,풍산읍,36.594007,128.585189,96.4187
37040310,와룡면,36.6304,128.792681,114.7913
37040320,북후면,36.678371,128.67582,77.2336
37040330,서후면,36.628241,128.656343,64.943
37040340,풍천면,36.525728,128.515863,94.9055
37040350,일직면,36.464473,128.637809,85.6096
37040360,남후면,36.528614,128.625534,64.3154
37040370,남선면,36.507828,128.753305,59.2904
37040380,임하면,36.510483,128.846864,92.4906
37040390,길안면,36.413094,128.915578,202.2021
37040400,임동면,36.578984,128.940085,152.0354
37040410,예안면,36.68425,128.912573,164.0708
37040420,도산면,36.748051,128.846699,103.1659
37040430,녹전면,36.750314,128.768562,71.4952
37040510,중구동,36.572969,128.749791,4.0149
37040520,명륜동,36.582852,128.738862,7.7221
37040540,용상동,36.561556,128.78661,26.6742
37040560,태화동,36.56075,128.708769,2.3665
37040580,평화동,36.571676,128.712187,0.8343
37040590,안기동,36.59404,128.713355,7.2247
37040600,옥동,36.558998,128.691855,4.3197
37040610,송하동,36.58024,128.689265,9.5645
37040620,서구동,36.564854,128.722506,1.5363
37040630,강남동,36.543637,128.717651,19.5104
37050110,선산읍,36.242495,128.292784,66.9573
37050120,고아읍,36.18423,128.328412,63.2665
37050130,산동읍,36.179293,128.454135,57.8553
37050310,무을면,36.267472,128.188526,44.581
37050320,옥성면,36.303532,128.261112,66.368
37050330,도개면,36.304364,128.353501,60.8224
37050340,해평면,36.221304,128.390649,68.7043
37050360,장천면,36.148097,128.513949,58.3851
37050510,송정동,36.118594,128.346576,1.5854
37050550,도량동,36.141973,128.327626,3.7396
37050560,지산동,36.13647,128.355714,5.8701
37050570,선주원남동,36.124652,128.304584,28.4873
37050590,형곡1동,36.114597,128.332468,1.7509
37050600,형곡2동,36.10351,128.334384,3.1531
37050610,신평1동,36.119821,128.361804,1.0162
37050620,신평2동,36.12582,128.366113,0.4089
37050660,광평동,36.109273,128.357323,1.9255
37050670,상모사곡동,36.092031,128.348422,5.6722
37050690,임오동,36.075203,128.365253,6.8386
37050700,인동동,36.098804,128.4459,20.3322
37050710,진미동,36.101869,128.409876,8.9178
37050720,양포동,36.133977,128.420712,20.8898
37050730,비산동,36.119225,128.380595,4.9298
37050740,공단동,36.096371,128.380741,8.907
37050750,원평동,36.127828,128.34031,1.8948
37060110,풍기읍,36.901992,128.488974,76.7006
37060310,이산면,36.817703,128.690435,54.1416
37060320,평은면,36.742068,128.70008,63.055
37060330,문수면,36.748633,128.624208,42.0208
37060340,장수면,36.779752,128.568386,41.926
37060350,안정면,36.84285,128.556878,43.8919
37060360,봉현면,36.827167,128.496891,51.8885
37060370,순흥면,36.933361,128.549412,54.2519
37060380,단산면,36.968371,128.594755,92.1673
37060390,부석면,36.990307,128.655633,91.7386
37060510,상망동,36.854688,128.638002,17.0614
37060530,하망동,36.823162,128.636977,1.3228
37060550,영주1동,36.829246,128.621089,1.0213
37060580,영주2동,36.820798,128.617882,0.9223
37060590,휴천1동,36.812837,128.648883,5.2628
37060600,휴천2동,36.807164,128.619439,2.0196
37060610,휴천3동,36.79599,128.636656,9.5628
37060620,가흥1동,36.802627,128.604883,6.4906
37060630,가흥2동,36.840548,128.600018,17.0919
37070110,금호읍,35.921719,128.899297,51.4822
37070310,청통면,35.994796,128.814891,67.1499
37070320,신녕면,36.054955,128.758808,80.7116
37070330,화산면,36.039529,128.855087,53.0558
37070340,화북면,36.130925,128.943631,87.0276
37070350,화남면,36.080982,128.896308,79.1801
37070360,자양면,36.101978,129.040474,88.9262
37070370,임고면,36.043113,129.03501,87.7164
37070380,고경면,35.983185,129.061689,119.9215
37070390,북안면,35.900638,129.003995,70.565
37070400,대창면,35.864109,128.919133,50.5749
37070510,동부동,35.986666,128.954894,10.712
37070520,중앙동,36.008787,128.930088,20.7558
37070530,서부동,35.97343,128.90408,15.0253
37070540,완산동,35.962169,128.95269,5.0757
37070550,남부동,35.928262,128.953432,27.1797
37080110,함창읍,36.549615,128.197808,43.4965
37080320,중동면,36.430638,128.286333,51.9487
37080330,낙동면,36.363856,128.237001,89.9426
37080340,청리면,36.32854,128.134858,39.5208
37080350,공성면,36.288028,128.07455,89.1274
37080360,외남면,36.359207,128.082395,33.1745
37080370,내서면,36.41372,128.050221,80.4646
37080380,모동면,36.298737,127.967846,70.5917
37080390,모서면,36.334753,127.9285,84.4902
37080400,화동면,36.393696,127.956875,56.1054
37080410,화서면,36.452967,127.951041,59.4115
37080420,화북면,36.579983,127.883376,98.8991
37080430,외서면,36.482853,128.068036,88.1166
37080440,은척면,36.536973,128.047314,54.0321
37080450,공검면,36.517338,128.134259,39.3998
37080460,이안면,36.574381,128.121066,52.511
37080470,화남면,36.451565,127.904481,54.5725
37080480,사벌국면,36.483242,128.221354,56.825
37080520,남원동,36.415979,128.126121,27.7142
37080530,북문동,36.448841,128.157449,14.4003
37080540,계림동,36.439396,128.183377,11.6398
37080550,동문동,36.424508,128.211523,18.0207
37080560,동성동,36.392448,128.182496,11.7113
37080570,신흥동,36.36796,128.158596,25.4533
37090110,문경읍,36.769702,128.127605,155.5119
37090120,가은읍,36.65994,128.01075,153.3493
37090310,영순면,36.565618,128.251347,38.8341
37090320,산양면,36.622594,128.258976,32.9481
37090330,호계면,36.665595,128.200961,53.633
37090340,산북면,36.713856,128.253446,112.2146
37090350,동로면,36.783083,128.29636,142.7205
37090360,마성면,36.686145,128.116249,75.1257
37090370,농암면,36.582904,127.980189,103.306
37090570,점촌1동,36.598491,128.19577,0.9194
37090580,점촌2동,36.584925,128.206941,4.5547
37090590,점촌3동,36.619971,128.198118,9.0111
37090600,점촌4동,36.624492,128.154003,29.7541
37090610,점촌5동,36.590147,128.185677,2.0439
37100110,하양읍,35.913687,128.787432,48.6689
37100120,진량읍,35.870627,128.834802,46.2662
37100130,압량읍,35.845018,128.778904,18.2298
37100310,와촌면,35.956816,128.797139,47.5993
37100320,자인면,35.822067,128.82435,22.0119
37100330,용성면,35.799981,128.901271,79.7065
37100340,남산면,35.771511,128.822373,37.9784
37100360,남천면,35.755743,128.738016,69.864
37100510,중앙동,35.822923,128.739715,0.9206
37100520,동부동,35.802318,128.769451,18.1278
37100530,서부1동,35.814156,128.724598,5.2505
37100540,남부동,35.803682,128.742998,3.7355
37100550,북부동,35.836783,128.752456,9.4456
37100560,중방동,35.82945,128.735384,1.1341
37100570,서부2동,35.831779,128.722535,1.867
37520110,의성읍,36.348985,128.699892,68.1977
37520310,단촌면,36.427784,128.698441,73.3941
37520320,점곡면,36.411712,128.767347,65.3177
37520330,옥산면,36.362666,128.832093,103.4548
37520340,사곡면,36.298085,128.795077,72.6306
37520350,춘산면,36.240572,128.817755,66.4001
37520360,가음면,36.220833,128.747774,41.3495
37520370,금성면,36.259726,128.684942,73.5395
37520380,봉양면,36.304699,128.609756,67.0246
37520390,비안면,36.338252,128.516588,65.3132
37520400,구천면,36.332209,128.422691,43.6342
37520410,단밀면,36.364847,128.353971,53.6888
37520420,단북면,36.395391,128.396775,23.9085
37520430,안계면,36.393792,128.461702,43.6785
37520440,다인면,36.459872,128.370169,89.5883
37520450,신평면,36.470128,128.512831,55.6229
37520460,안평면,36.386323,128.585669,100.9587
37520470,안사면,36.457093,128.455383,61.6019
37530110,청송읍,36.423028,129.098374,82.2182
37530320,부남면,36.295876,129.131368,122.5096
37530330,현동면,36.255517,129.029799,79.0202
37530340,현서면,36.228246,128.928948,112.5139
37530350,안덕면,36.319159,128.984846,107.7595
37530360,파천면,36.453025,129.027916,99.5758
37530370,진보면,36.524332,129.062308,109.6337
37530380,주왕산면,36.36224,129.165457,133.4811
37540110,영양읍,36.652535,129.171882,131.1962
37540310,입암면,36.599443,129.0596,79.8775
37540320,청기면,36.716091,129.041982,140.503
37540330,일월면,36.760783,129.126844,127.2117
37540340,수비면,36.78735,129.221925,217.8371
37540350,석보면,36.555333,129.172442,122.5118
37550110,영덕읍,36.437043,129.381685,66.9331
37550310,강구면,36.38149,129.368056,37.3895
37550320,남정면,36.313674,129.335867,73.7368
37550330,달산면,36.374282,129.272494,72.8271
37550340,지품면,36.458851,129.247711,150.1799
37550350,축산면,36.495388,129.382549,59.8584
37550360,영해면,36.531003,129.335363,64.2714
37550370,병곡면,36.607963,129.385586,66.5924
37550380,창수면,36.602681,129.296282,152.7373
37560110,화양읍,35.666049,128.716276,43.004
37560120,청도읍,35.628106,128.756573,86.4753
37560310,각남면,35.617177,128.655882,46.4181
37560320,풍각면,35.63787,128.577599,61.0696
37560330,각북면,35.698931,128.581882,50.6974
37560340,이서면,35.688946,128.66215,55.2484
37560350,운문면,35.711222,128.975278,148.9886
37560360,금천면,35.702438,128.897548,71.0955
37560370,매전면,35.664355,128.830305,129.9197
37570120,대가야읍,35.729201,128.256808,47.2006
37570310,덕곡면,35.782582,128.203843,38.6194
37570320,운수면,35.783206,128.296385,45.3758
37570330,성산면,35.756301,128.356355,48.1646
37570340,다산면,35.821662,128.419268,48.9798
37570350,개진면,35.715891,128.364625,39.4035
37570360,우곡면,35.660909,128.347264,47.7299
37570370,쌍림면,35.680164,128.231792,70.9694
37580110,성주읍,35.917992,128.280583,36.1575
37580310,선남면,35.903734,128.350941,66.4589
37580320,용암면,35.845289,128.314816,83.8775
37580330,수륜면,35.828055,128.202391,89.4615
37580340,가천면,35.866527,128.128036,64.0956
37580351,금수강산면,35.924272,128.124139,74.604
37580360,대가면,35.902316,128.215776,27.996
37580370,벽진면,35.973858,128.198352,62.3363
37580380,초전면,36.00716,128.248156,66.3403
37580390,월항면,35.97523,128.306874,41.18
37590110,왜관읍,35.977285,128.424072,54.0088
37590120,북삼읍,36.060201,128.330897,36.737
37590130,석적읍,36.051593,128.43399,49.7677
37590310,지천면,35.961625,128.487372,88.9508
37590320,동명면,36.009579,128.563162,63.4043
37590330,가산면,36.070133,128.542802,86.6611
37590360,약목면,36.028048,128.365124,30.1889
37590370,기산면,35.982728,128.356836,40.3151
37600110,예천읍,36.65666,128.453462,47.6667
37600121,호명읍,36.606733,128.475289,62.5741
37600310,용문면,36.706361,128.394413,71.2384
37600340,감천면,36.732841,128.516318,65.4731
37600350,보문면,36.677235,128.552089,65.2937
37600370,유천면,36.65305,128.365958,38.7155
37600380,용궁면,36.605371,128.304722,31.9923
37600390,개포면,36.609543,128.368751,36.3601
37600400,지보면,36.55327,128.389825,79.7861
37600410,풍양면,36.513182,128.303397,63.61
37600420,효자면,36.793829,128.422223,66.9996
37600430,은풍면,36.745108,128.442274,34.4805
37610110,봉화읍,36.890001,128.707361,74.7131
37610310,물야면,36.973283,128.733366,109.4764
37610320,봉성면,36.917617,128.809326,66.5258
37610330,법전면,36.909867,128.918235,70.4398
37610340,춘양면,37.003636,128.853347,167.6031
37610350,소천면,36.947364,129.026627,262.6754
37610360,석포면,37.05067,129.056828,150.2622
37610370,재산면,36.821819,129.000601,125.6342
37610380,명호면,36.839241,128.888143,114.7133
37610390,상운면,36.834813,128.774992,58.9086
37620110,울진읍,37.001059,129.346168,81.8624
37620120,평해읍,36.72981,129.437118,37.7792
37620310,북면,37.074429,129.308588,142.7447
37620330,근남면,36.945981,129.360443,58.6555
37620350,기성면,36.804668,129.408025,99.7161
37620360,온정면,36.717502,129.342684,132.1327
37620370,죽변면,37.053862,129.394814,18.6868
37620380,후포면,36.679355,129.427593,22.5288
37620390,금강송면,36.946528,129.207549,298.6018
37620400,매화면,36.863182,129.352505,101.7405
37630110,울릉읍,37.491799,130.898903,21.764
37630310,서면,37.490228,130.833432,27.8113
37630320,북면,37.524117,130.866744,24.2981
38030110,문산읍,35.157103,128.181502,36.8562
38030310,내동면,35.143668,128.04093,32.0336
38030320,정촌면,35.127309,128.113798,26.6435
38030330,금곡면,35.10428,128.188079,39.899
38030340,진성면,35.174885,128.230084,36.4349
38030350,일반성면,35.156505,128.28489,19.6181
38030360,이반성면,35.16499,128.334638,42.4932
38030370,사봉면,35.199567,128.278251,32.023
38030380,지수면,35.235631,128.263536,31.031
38030390,대곡면,35.26314,128.176015,55.7185
38030400,금산면,35.209469,128.158244,32.2637
38030410,집현면,35.253328,128.08704,46.3043
38030420,미천면,35.307377,128.111744,54.4799
38030430,명석면,35.254838,128.02106,69.1843
38030440,대평면,35.200348,127.9795,40.9693
38030450,수곡면,35.203264,127.929938,42.395
38030650,상평동,35.173237,128.114634,3.0309
38030660,초장동,35.211418,128.100325,12.3141
38030670,평거동,35.176036,128.060228,2.9462
38030680,신안동,35.184446,128.070344,1.132
38030690,이현동,35.198221,128.054129,5.7731
38030700,판문동,35.178409,128.0294,17.4798
38030710,가호동,35.156559,128.1117,8.6937
38030720,천전동,35.175545,128.085731,6.3853
38030730,성북동,35.19211,128.076705,1.1855
38030740,중앙동,35.195826,128.0904,2.0315
38030750,상봉동,35.203401,128.072792,2.6021
38030760,충무공동,35.175631,128.140987,4.3635
38030770,상대동,35.183367,128.111774,3.1729
38030780,하대동,35.191697,128.116315,2.9417
38050110,산양읍,34.794111,128.392461,40.3548
38050310,용남면,34.886878,128.452148,17.3594
38050320,도산면,34.906151,128.355392,38.8184
38050330,광도면,34.922116,128.408045,41.0231
38050340,욕지면,34.647215,128.258456,27.649
38050350,한산면,34.752291,128.500839,33.2749
38050360,사량면,34.830331,128.211201,28.0836
38050520,명정동,34.853308,128.406132,3.9729
38050530,중앙동,34.845887,128.423198,0.6704
38050540,정량동,34.846408,128.43594,2.0297
38050550,북신동,34.854546,128.423936,1.0557
38050560,무전동,34.860733,128.428521,1.8478
38050620,도천동,34.84448,128.392944,6.5727
38050630,미수동,34.824446,128.402031,2.5189
38050640,봉평동,34.824075,128.421907,3.8893
38060110,사천읍,35.092084,128.118116,30.0032
38060310,정동면,35.051221,128.136046,36.7077
38060320,사남면,35.027304,128.106237,42.5203
38060330,용현면,35.019713,128.068277,27.9208
38060340,축동면,35.106356,128.059263,23.2067
38060350,곤양면,35.072448,127.984909,61.4798
38060360,곤명면,35.120633,127.945866,69.7224
38060370,서포면,35.010904,127.967022,49.7284
38060510,동서동,34.935816,128.056001,10.2368
38060520,선구동,34.948194,128.076468,3.3867
38060530,동서금동,34.930034,128.079736,0.9801
38060550,벌용동,34.962712,128.100292,9.764
38060570,향촌동,34.943728,128.109153,12.7672
38060590,남양동,34.979494,128.075073,23.4353
38070110,진영읍,35.294579,128.739426,39.6946
38070320,주촌면,35.243073,128.822092,31.2101
38070330,진례면,35.242465,128.75807,44.5291
38070340,한림면,35.312339,128.807901,59.5527
38070350,생림면,35.343176,128.851442,50.6046
38070360,상동면,35.317868,128.918449,68.6485
38070370,대동면,35.260086,128.968124,48.6445
38070510,동상동,35.241653,128.887434,1.7363
38070520,회현동,35.230137,128.877637,1.1405
38070530,부원동,35.223864,128.888843,1.9931
38070540,내외동,35.236885,128.860886,5.3923
38070550,북부동,35.265577,128.869565,13.7557
38070560,칠산서부동,35.202329,128.858256,19.7
38070580,활천동,35.234393,128.900196,5.895
38070590,삼안동,35.254481,128.909266,11.2592
38070600,불암동,35.227142,128.923215,2.547
38070610,장유1동,35.204128,128.811297,13.4931
38070620,장유2동,35.189076,128.772889,19.8005
38070630,장유3동,35.169903,128.821653,22.076
38080110,삼랑진읍,35.426107,128.841268,78.7968
38080120,하남읍,35.379468,128.740466,36.628
38080310,부북면,35.522295,128.714997,55.5461
38080320,상동면,35.557336,128.785155,52.1929
38080330,산외면,35.522658,128.820613,35.4265
38080340,산내면,35.591827,128.924767,107.9278
38080350,단장면,35.505487,128.910689,142.532
38080360,상남면,35.421025,128.764021,56.063
38080370,초동면,35.418135,128.683896,48.4476
38080380,무안면,35.485981,128.64282,100.7762
38080390,청도면,35.559074,128.632416,57.7737
38080510,내일동,35.486051,128.792219,12.1428
38080520,내이동,35.49825,128.741641,3.2825
38080530,교동,35.508118,128.763184,4.6363
38080540,삼문동,35.483282,128.752651,2.6556
38080550,가곡동,35.474608,128.781264,6.2284
38090310,일운면,34.820466,128.695217,31.4954
38090320,동부면,34.79781,128.614162,53.0689
38090330,남부면,34.737438,128.614508,33.4895
38090340,거제면,34.850415,128.573631,37.3833
38090350,둔덕면,34.856895,128.512817,33.9347
38090360,사등면,34.905107,128.529354,35.1361
38090370,연초면,34.927114,128.652316,40.7225
38090380,하청면,34.968095,128.635017,29.5817
38090390,장목면,34.982689,128.695609,37.9903
38090530,능포동,34.880749,128.734627,3.4902
38090540,아주동,34.868039,128.691751,13.1586
38090550,옥포1동,34.887891,128.68665,2.0786
38090560,옥포2동,34.907982,128.698545,8.8676
38090570,장평동,34.89391,128.598447,7.8952
38090580,고현동,34.884263,128.622852,5.7419
38090590,상문동,34.850939,128.647856,20.8229
38090600,수양동,34.884796,128.65614,11.1995
38090610,장승포동,34.862399,128.72644,3.7538
38100120,물금읍,35.315559,129.000467,19.7782
38100310,동면,35.320796,129.072266,56.3947
38100320,원동면,35.420218,128.961302,148.6848
38100330,상북면,35.424658,129.044675,68.0296
38100340,하북면,35.462131,129.084752,69.6401
38100520,삼성동,35.365409,129.067752,16.0707
38100530,강서동,35.3848,129.011081,29.5583
38100540,서창동,35.408649,129.186228,22.1077
38100550,소주동,35.412661,129.145317,18.4379
38100560,평산동,35.383068,129.127895,10.7544
38100570,덕계동,35.370454,129.172454,13.31
38100580,중앙동,35.342722,129.06441,11.8217
38100590,양주동,35.334872,129.02844,1.8819
38111110,동읍,35.308368,128.669579,59.5814
38111310,북면,35.330881,128.606037,73.8031
38111320,대산면,35.34275,128.710555,33.8047
38111510,의창동,35.264902,128.612081,8.3343
38111520,팔룡동,35.238365,128.622968,10.1188
38111530,명곡동,35.255247,128.645274,6.4576
38111540,봉림동,35.248182,128.687104,11.9764
38112510,반송동,35.240109,128.667858,2.2989
38112520,중앙동,35.224169,128.66175,8.94
38112530,상남동,35.218183,128.687101,1.1493
38112540,사파동,35.220313,128.71118,8.1883
38112550,가음정동,35.208222,128.69418,2.9181
38112560,성주동,35.184449,128.715871,24.6947
38112570,웅남동,35.191564,128.633608,38.2179
38112580,용지동,35.231168,128.68599,2.6509
38113310,구산면,35.096128,128.577514,44.1302
38113320,진동면,35.133663,128.508449,32.6476
38113330,진북면,35.149424,128.459986,46.7469
38113340,진전면,35.131192,128.40291,78.4546
38113510,현동,35.154077,128.553409,19.5029
38113520,가포동,35.162034,128.574572,5.3953
38113530,월영동,35.177095,128.558335,2.7235
38113540,문화동,35.186582,128.557724,2.3405
38113570,완월동,35.198254,128.549943,2.7657
38113580,자산동,35.204571,128.560677,1.1545
38113640,합포동,35.211239,128.581122,0.5787
38113650,산호동,35.216921,128.584253,0.9242
38113660,반월중앙동,35.192905,128.563356,1.032
38113670,오동동,35.203664,128.574668,1.8079
38113680,교방동,35.210869,128.555562,2.7194
38114110,내서읍,35.230503,128.513357,56.0713
38114510,회원1동,35.220266,128.573872,0.6928
38114520,회원2동,35.219779,128.553557,3.4422
38114550,회성동,35.235081,128.547399,9.556
38114560,양덕1동,35.232602,128.58823,0.8281
38114570,양덕2동,35.225835,128.584427,1.733
38114580,합성1동,35.251409,128.574828,5.3162
38114590,합성2동,35.239586,128.593685,1.867
38114600,구암1동,35.257429,128.588468,2.3547
38114610,구암2동,35.248797,128.597674,0.7793
38114620,봉암동,35.223693,128.604799,6.3553
38114630,석전동,35.23214,128.571571,1.853
38115540,여좌동,35.168374,128.664377,5.2286
38115550,태백동,35.155993,128.674075,0.8574
38115560,경화동,35.160236,128.682551,3.0648
38115570,병암동,35.160004,128.691383,0.9755
38115580,석동,35.161038,128.70206,2.4026
38115590,이동,35.150396,128.697523,0.8281
38115600,자은동,35.152369,128.722482,5.359
38115610,덕산동,35.142732,128.705669,2.7919
38115620,풍호동,35.123712,128.707815,8.1381
38115630,웅천동,35.102469,128.746172,30.9882
38115640,웅동1동,35.136505,128.777978,32.7789
38115650,웅동2동,35.100519,128.812995,15.6188
38115660,충무동,35.147102,128.646387,18.479
38510110,의령읍,35.303468,128.263098,34.2168
38510310,가례면,35.355571,128.227121,35.5581
38510320,칠곡면,35.349745,128.184867,22.2702
38510330,대의면,35.367743,128.142965,35.8136
38510340,화정면,35.284364,128.216458,38.5051
38510350,용덕면,35.357079,128.279019,33.7099
38510360,정곡면,35.376697,128.334998,40.0887
38510370,지정면,35.392341,128.389412,46.8827
38510380,낙서면,35.48456,128.3899,23.3489
38510390,부림면,35.477703,128.331941,47.3389
38510400,봉수면,35.476526,128.266371,33.0957
38510410,궁류면,35.433122,128.231494,43.4765
38510420,유곡면,35.422796,128.29609,47.1024
38520110,가야읍,35.273501,128.395243,40.9269
38520120,칠원읍,35.294926,128.52797,50.4665
38520310,함안면,35.230388,128.42436,28.9569
38520320,군북면,35.258028,128.333406,79.9155
38520330,법수면,35.326958,128.350954,34.5485
38520340,대산면,35.347848,128.436341,47.4494
38520350,칠서면,35.35072,128.495482,35.8834
38520360,칠북면,35.354966,128.539147,32.2847
38520380,산인면,35.276505,128.453597,36.8326
38520390,여항면,35.195034,128.444912,28.2503
38530110,창녕읍,35.524189,128.519708,60.8634
38530120,남지읍,35.428909,128.432864,54.7066
38530310,고암면,35.570754,128.535276,43.9645
38530320,성산면,35.623388,128.520605,46.8062
38530330,대합면,35.594951,128.445521,46.306
38530340,이방면,35.568716,128.382546,46.4564
38530350,유어면,35.517669,128.4211,33.2896
38530360,대지면,35.542509,128.459012,18.0103
38530370,계성면,35.476503,128.514729,27.7048
38530380,영산면,35.447691,128.52538,29.2948
38530390,장마면,35.46849,128.470058,29.9031
38530400,도천면,35.42419,128.533693,25.4293
38530410,길곡면,35.402977,128.565956,27.4628
38530420,부곡면,35.416912,128.617043,39.6545
38540110,고성읍,34.977268,128.315616,44.1646
38540310,삼산면,34.944695,128.271599,35.8755
38540320,하일면,34.936349,128.191681,31.4863
38540330,하이면,34.937915,128.142516,38.8511
38540340,상리면,34.997206,128.199995,46.0051
38540350,대가면,35.02743,128.276687,52.2037
38540360,영현면,35.047761,128.218912,32.1062
38540370,영오면,35.103687,128.230687,22.6919
38540380,개천면,35.09678,128.286382,40.3897
38540390,구만면,35.093113,128.338111,21.5806
38540400,회화면,35.074997,128.387268,29.8147
38540410,마암면,35.045426,128.33454,33.8068
38540420,동해면,35.024737,128.444519,54.395
38540430,거류면,34.984423,128.382585,36.5875
38550110,남해읍,34.831758,127.890906,27.1738
38550310,이동면,34.788149,127.95319,46.9551
38550320,상주면,34.733249,127.979279,25.056
38550330,삼동면,34.795301,128.019954,51.3786
38550340,미조면,34.729768,128.03641,16.6837
38550350,남면,34.762649,127.878582,44.0645
38550360,서면,34.838278,127.842685,41.0952
38550370,고현면,34.889351,127.87211,29.2501
38550380,설천면,34.918604,127.899749,25.1902
38550390,창선면,34.868567,128.016673,55.8188
38560110,하동읍,35.085908,127.737562,29.3036
38560310,화개면,35.253924,127.647663,133.7555
38560320,악양면,35.171087,127.710167,52.4004
38560330,적량면,35.105462,127.766036,41.288
38560340,횡천면,35.120778,127.815822,34.3869
38560350,고전면,35.027225,127.815401,35.9826
38560360,금남면,34.97818,127.855089,43.6417
38560370,금성면,34.963264,127.798061,25.091
38560380,진교면,35.033621,127.893861,50.3962
38560390,양보면,35.069163,127.846594,34.2098
38560400,북천면,35.119927,127.871013,32.9163
38560410,청암면,35.196351,127.757362,75.3508
38560420,옥종면,35.194262,127.861345,87.774
38570110,산청읍,35.407449,127.900478,68.3293
38570310,차황면,35.47198,127.944415,48.4476
38570320,오부면,35.491048,127.892215,34.751
38570330,생초면,35.50921,127.848056,52.6709
38570340,금서면,35.419281,127.813172,75.9294
38570350,삼장면,35.339633,127.808451,102.786
38570360,시천면,35.276715,127.776747,126.6424
38570370,단성면,35.294623,127.916065,109.1379
38570380,신안면,35.342842,127.97869,71.8903
38570390,생비량면,35.350558,128.05589,44.0661
38570400,신등면,35.406273,128.001834,56.7238
38580110,함양읍,35.499954,127.703595,69.2934
38580310,마천면,35.374008,127.67958,107.5472
38580320,휴천면,35.445405,127.734713,61.7346
38580330,유림면,35.485625,127.782999,29.3464
38580340,수동면,35.558255,127.81132,48.9407
38580350,지곡면,35.578034,127.760077,41.9207
38580360,안의면,35.65656,127.803926,97.7526
38580370,서하면,35.632028,127.717461,70.6896
38580380,서상면,35.693426,127.67939,89.3035
38580390,백전면,35.567642,127.633631,55.6473
38580400,병곡면,35.556297,127.688301,48.2584
38590110,거창읍,35.697606,127.909222,55.5279
38590310,주상면,35.76631,127.915371,49.7786
38590320,웅양면,35.832273,127.924348,58.3803
38590330,고제면,35.848691,127.862598,58.3483
38590340,북상면,35.789612,127.766925,123.1245
38590350,위천면,35.74821,127.82384,54.3774
38590360,마리면,35.699789,127.84704,46.1249
38590370,남상면,35.620476,127.917083,68.0399
38590380,남하면,35.673817,127.974095,49.4908
38590390,신원면,35.565196,127.927954,73.7053
38590400,가조면,35.705322,128.029203,65.8856
38590410,가북면,35.794292,128.007883,96.1085
38600110,합천읍,35.607776,128.139482,52.8964
38600310,봉산면,35.609538,128.035726,80.5678
38600320,묘산면,35.661959,128.110706,49.7776
38600330,가야면,35.760021,128.098671,104.7761
38600340,야로면,35.717123,128.169226,47.6566
38600350,율곡면,35.595014,128.208096,73.4797
38600360,초계면,35.540571,128.24617,23.034
38600370,쌍책면,35.60896,128.26962,39.3081
38600380,덕곡면,35.631594,128.324224,26.7517
38600390,청덕면,35.559615,128.330705,57.0818
38600400,적중면,35.539764,128.285408,23.8929
38600410,대양면,35.511077,128.187088,56.9355
38600420,쌍백면,35.454821,128.15459,63.2216
38600430,삼가면,35.413378,128.111909,60.411
38600440,가회면,35.45974,128.032132,70.1134
38600450,대병면,35.527256,128.009364,63.0603
38600460,용주면,35.5395,128.100027,90.1088
39010110,한림읍,33.3767,126.284332,92.1888
39010120,애월읍,33.411255,126.393784,202.9284
39010130,구좌읍,33.498358,126.795798,187.4145
39010140,조천읍,33.472319,126.667435,151.0797
39010310,한경면,33.322535,126.222734,79.6559
39010320,추자면,33.956689,126.325753,8.5071
39010330,우도면,33.505689,126.955837,6.9084
39010510,일도1동,33.513096,126.527374,0.2939
39010520,일도2동,33.506477,126.541007,2.1939
39010530,이도1동,33.50549,126.527603,0.6677
39010540,이도2동,33.491374,126.532659,5.5817
39010550,삼도1동,33.502771,126.519455,0.8674
39010560,삼도2동,33.512679,126.521208,0.8397
39010570,용담1동,33.50863,126.514785,0.7029
39010580,용담2동,33.509342,126.499125,4.9342
39010590,건입동,33.516537,126.542899,2.9044
39010600,화북동,33.508503,126.564155,8.3539
39010610,삼양동,33.514221,126.591666,9.6298
39010620,봉개동,33.455736,126.610773,47.2882
39010630,아라동,33.435352,126.558348,69.8738
39010640,오라동,33.431551,126.518276,28.5545
39010650,연동,33.457733,126.495269,12.1408
39010660,노형동,33.432115,126.475951,45.0283
39010670,외도동,33.482863,126.440133,8.5057
39010680,이호동,33.494759,126.458525,2.7135
39010690,도두동,33.502129,126.477919,4.0765
39020110,대정읍,33.254795,126.247045,81.3713
39020120,남원읍,33.327864,126.666389,189.6735
39020130,성산읍,33.418105,126.865874,110.0104
39020310,안덕면,33.292047,126.347469,106.3424
39020320,표선면,33.374268,126.768985,136.4535
39020510,송산동,33.243957,126.592632,5.5361
39020520,정방동,33.246493,126.565641,0.4412
39020530,중앙동,33.250717,126.564615,0.3644
39020540,천지동,33.245369,126.5537,1.826
39020550,효돈동,33.26081,126.611865,6.7973
39020560,영천동,33.310228,126.572059,46.0203
39020570,동홍동,33.295797,126.551735,14.1601
39020580,서홍동,33.291098,126.539844,13.3896
39020590,대륜동,33.272607,126.522986,22.6242
39020600,대천동,33.287676,126.492142,51.0712
39020610,중문동,33.298982,126.452727,56.7701
39020620,예래동,33.280166,126.403155,38.3636
